ID,SKU,Product Name,Price (INR),Category,Stock Status,Available Weights,Cake Types (Egg/Eggless),Description,Product URL,Image URL,Image Alt Text,Variations Count,Variations Details (JSON)
"304986","BNT001","Black forest Bento Mothers day cake","410","Bento Cakes","instock","500gms","egg, eggless","Surprise mom with our rich Black Forest Bento Cake from Cake Square Chennai. A perfect sweet treat to make Mother's Day memorable!","https://cakesquare.com/product/black-forest-bento-cake-mothers-day-cake/","https://cakesquare.com/wp-content/uploads/2025/04/Black-Forest-Bento-Mothers-Day-Cake.jpg","Black Forest Bento Mothers Day Cake, Cake square","2","[{""variation_id"":304987,""sku"":""BNT001"",""price"":410,""weight"":""500gms"",""cake_type"":""egg"",""is_in_stock"":true,""image_url"":""https://cakesquare.com/wp-content/uploads/2025/04/Black-Forest-Bento-Mothers-Day-Cake.jpg""},{""variation_id"":304988,""sku"":""BNT001"",""price"":485,""weight"":""500gms"",""cake_type"":""eggless"",""is_in_stock"":true,""image_url"":""https://cakesquare.com/wp-content/uploads/2025/04/Black-Forest-Bento-Mothers-Day-Cake.jpg""}]"
"304989","BNT002","Butterscotch Bento Mothers day cake","440","Bento Cakes","instock","500gms, 250-gms","egg, eggless","Gift your mom the sweet crunch of our Butterscotch Bento Cake. Order online from Cake Square Chennai to celebrate Mother's Day with love!","https://cakesquare.com/product/butterscotch-bento-cake-mothers-day-cake/","https://cakesquare.com/wp-content/uploads/2025/04/Butterscotch-Bento-Mothers-Day-Cake.jpg","Butterscotch Bento Mothers Day Cake, Cake square","4","[{""variation_id"":304990,""sku"":""BNT002"",""price"":440,""weight"":""500gms"",""cake_type"":""egg"",""is_in_stock"":true,""image_url"":""https://cakesquare.com/wp-content/uploads/2025/04/Butterscotch-Bento-Mothers-Day-Cake.jpg""},{""variation_id"":304991,""sku"":""BNT002"",""price"":515,""weight"":""500gms"",""cake_type"":""eggless"",""is_in_stock"":true,""image_url"":""https://cakesquare.com/wp-content/uploads/2025/04/Butterscotch-Bento-Mothers-Day-Cake.jpg""},{""variation_id"":316365,""sku"":""BNT002"",""price"":523.81,""weight"":""250-gms"",""cake_type"":""eggless"",""is_in_stock"":true,""image_url"":""https://cakesquare.com/wp-content/uploads/2025/04/Butterscotch-Bento-Mothers-Day-Cake.jpg""},{""variation_id"":316366,""sku"":""BNT002"",""price"":476.19,""weight"":""250-gms"",""cake_type"":""egg"",""is_in_stock"":true,""image_url"":""https://cakesquare.com/wp-content/uploads/2025/04/Butterscotch-Bento-Mothers-Day-Cake.jpg""}]"
"304992","BNT003","Strawberry Bento Mothers day cake","460","Bento Cakes","instock","500gms","egg, eggless","Treat mom to a fresh and fruity Strawberry Bento Cake this Mothers Day. Order Cake Square’s special creation for a delicious surprise in chennai!","https://cakesquare.com/product/strawberry-bento-cake-mothers-day-cake/","https://cakesquare.com/wp-content/uploads/2025/04/Strawberry-Bento-Motehrs-day-cake.jpg","Strawberry Bento Mothers day cake, Cake square","2","[{""variation_id"":304993,""sku"":""BNT003"",""price"":460,""weight"":""500gms"",""cake_type"":""egg"",""is_in_stock"":true,""image_url"":""https://cakesquare.com/wp-content/uploads/2025/04/Strawberry-Bento-Motehrs-day-cake.jpg""},{""variation_id"":304994,""sku"":""BNT003"",""price"":535,""weight"":""500gms"",""cake_type"":""eggless"",""is_in_stock"":true,""image_url"":""https://cakesquare.com/wp-content/uploads/2025/04/Strawberry-Bento-Motehrs-day-cake.jpg""}]"
"304998","BNT005","Pink beauty Bento Mothers day cake","476.19","Bento Cakes","instock","","egg, eggless","Make cute bento cake for Mother's Day magical with Cake Square's Vanilla Pink Beauty Bento Cake. A charming dessert crafted with love and elegance across chennai! get it delivered in 45 mins","https://cakesquare.com/product/vanilla-pink-beauty-bento-cake-mothers-day-cake/","https://cakesquare.com/wp-content/uploads/2025/04/Vanilla-Pink-Beauty-Bento-Mothers-Day-Cake.jpg","Vanilla Pink Beauty Bento Mothers Day Cake, Cake square","12","[{""variation_id"":319289,""sku"":""BNT005"",""price"":666,""weight"":"""",""cake_type"":""egg"",""is_in_stock"":true,""image_url"":""https://cakesquare.com/wp-content/uploads/2025/04/Vanilla-Pink-Beauty-Bento-Mothers-Day-Cake.jpg""},{""variation_id"":319290,""sku"":""BNT005"",""price"":523.81,""weight"":"""",""cake_type"":""egg"",""is_in_stock"":true,""image_url"":""https://cakesquare.com/wp-content/uploads/2025/04/Vanilla-Pink-Beauty-Bento-Mothers-Day-Cake.jpg""},{""variation_id"":319291,""sku"":""BNT005"",""price"":523.81,""weight"":"""",""cake_type"":""egg"",""is_in_stock"":true,""image_url"":""https://cakesquare.com/wp-content/uploads/2025/04/Vanilla-Pink-Beauty-Bento-Mothers-Day-Cake.jpg""},{""variation_id"":319292,""sku"":""BNT005"",""price"":572,""weight"":"""",""cake_type"":""egg"",""is_in_stock"":true,""image_url"":""https://cakesquare.com/wp-content/uploads/2025/04/Vanilla-Pink-Beauty-Bento-Mothers-Day-Cake.jpg""},{""variation_id"":319293,""sku"":""BNT005"",""price"":572,""weight"":"""",""cake_type"":""egg"",""is_in_stock"":true,""image_url"":""https://cakesquare.com/wp-content/uploads/2025/04/Vanilla-Pink-Beauty-Bento-Mothers-Day-Cake.jpg""},{""variation_id"":319294,""sku"":""BNT005"",""price"":714.29,""weight"":"""",""cake_type"":""eggless"",""is_in_stock"":true,""image_url"":""https://cakesquare.com/wp-content/uploads/2025/04/Vanilla-Pink-Beauty-Bento-Mothers-Day-Cake.jpg""},{""variation_id"":319295,""sku"":""BNT005"",""price"":523.81,""weight"":"""",""cake_type"":""eggless"",""is_in_stock"":true,""image_url"":""https://cakesquare.com/wp-content/uploads/2025/04/Vanilla-Pink-Beauty-Bento-Mothers-Day-Cake.jpg""},{""variation_id"":319296,""sku"":""BNT005"",""price"":523.81,""weight"":"""",""cake_type"":""eggless"",""is_in_stock"":true,""image_url"":""https://cakesquare.com/wp-content/uploads/2025/04/Vanilla-Pink-Beauty-Bento-Mothers-Day-Cake.jpg""},{""variation_id"":319297,""sku"":""BNT005"",""price"":619.81,""weight"":"""",""cake_type"":""eggless"",""is_in_stock"":true,""image_url"":""https://cakesquare.com/wp-content/uploads/2025/04/Vanilla-Pink-Beauty-Bento-Mothers-Day-Cake.jpg""},{""variation_id"":319298,""sku"":""BNT005"",""price"":619.81,""weight"":"""",""cake_type"":""eggless"",""is_in_stock"":true,""image_url"":""https://cakesquare.com/wp-content/uploads/2025/04/Vanilla-Pink-Beauty-Bento-Mothers-Day-Cake.jpg""},{""variation_id"":304999,""sku"":""BNT005"",""price"":476.19,""weight"":"""",""cake_type"":""egg"",""is_in_stock"":true,""image_url"":""https://cakesquare.com/wp-content/uploads/2025/04/Vanilla-Pink-Beauty-Bento-Mothers-Day-Cake.jpg""},{""variation_id"":305000,""sku"":""BNT005"",""price"":523.81,""weight"":"""",""cake_type"":""eggless"",""is_in_stock"":true,""image_url"":""https://cakesquare.com/wp-content/uploads/2025/04/Vanilla-Pink-Beauty-Bento-Mothers-Day-Cake.jpg""}]"
"306013","BNT009","Best Dad fathers day bento cakes","476.19","Bento Cakes","instock","","egg, eggless","Celebrate the world’s Best Dad ever with our delicious bento cake, cute, flavorful, and made to make him smile. Only at Cake Square- Available in all flavours for the best dad's","https://cakesquare.com/product/vanilla-cake-dad-best-dad-ever/","https://cakesquare.com/wp-content/uploads/2025/06/Best-Dad-fathers-day-bento-cakes.jpg","Best Dad Ever design Vanilla bento cake in Sky Blue - 380 grams - Delivered in Chennai","12","[{""variation_id"":316501,""sku"":""BNT009"",""price"":666,""weight"":"""",""cake_type"":""egg"",""is_in_stock"":true,""image_url"":""https://cakesquare.com/wp-content/uploads/2025/06/Best-Dad-fathers-day-bento-cakes.jpg""},{""variation_id"":316502,""sku"":""BNT009"",""price"":476.19,""weight"":"""",""cake_type"":""egg"",""is_in_stock"":true,""image_url"":""https://cakesquare.com/wp-content/uploads/2025/06/Best-Dad-fathers-day-bento-cakes.jpg""},{""variation_id"":316503,""sku"":""BNT009"",""price"":476.19,""weight"":"""",""cake_type"":""egg"",""is_in_stock"":true,""image_url"":""https://cakesquare.com/wp-content/uploads/2025/06/Best-Dad-fathers-day-bento-cakes.jpg""},{""variation_id"":316504,""sku"":""BNT009"",""price"":476.19,""weight"":"""",""cake_type"":""egg"",""is_in_stock"":true,""image_url"":""https://cakesquare.com/wp-content/uploads/2025/06/Best-Dad-fathers-day-bento-cakes.jpg""},{""variation_id"":316505,""sku"":""BNT009"",""price"":572,""weight"":"""",""cake_type"":""egg"",""is_in_stock"":true,""image_url"":""https://cakesquare.com/wp-content/uploads/2025/06/Best-Dad-fathers-day-bento-cakes.jpg""},{""variation_id"":316506,""sku"":""BNT009"",""price"":572,""weight"":"""",""cake_type"":""egg"",""is_in_stock"":true,""image_url"":""https://cakesquare.com/wp-content/uploads/2025/06/Best-Dad-fathers-day-bento-cakes.jpg""},{""variation_id"":316507,""sku"":""BNT009"",""price"":714.29,""weight"":"""",""cake_type"":""eggless"",""is_in_stock"":true,""image_url"":""https://cakesquare.com/wp-content/uploads/2025/06/Best-Dad-fathers-day-bento-cakes.jpg""},{""variation_id"":316508,""sku"":""BNT009"",""price"":523.81,""weight"":"""",""cake_type"":""eggless"",""is_in_stock"":true,""image_url"":""https://cakesquare.com/wp-content/uploads/2025/06/Best-Dad-fathers-day-bento-cakes.jpg""},{""variation_id"":316509,""sku"":""BNT009"",""price"":523.81,""weight"":"""",""cake_type"":""eggless"",""is_in_stock"":true,""image_url"":""https://cakesquare.com/wp-content/uploads/2025/06/Best-Dad-fathers-day-bento-cakes.jpg""},{""variation_id"":316510,""sku"":""BNT009"",""price"":523.81,""weight"":"""",""cake_type"":""eggless"",""is_in_stock"":true,""image_url"":""https://cakesquare.com/wp-content/uploads/2025/06/Best-Dad-fathers-day-bento-cakes.jpg""},{""variation_id"":316511,""sku"":""BNT009"",""price"":619.81,""weight"":"""",""cake_type"":""eggless"",""is_in_stock"":true,""image_url"":""https://cakesquare.com/wp-content/uploads/2025/06/Best-Dad-fathers-day-bento-cakes.jpg""},{""variation_id"":316512,""sku"":""BNT009"",""price"":619.81,""weight"":"""",""cake_type"":""eggless"",""is_in_stock"":true,""image_url"":""https://cakesquare.com/wp-content/uploads/2025/06/Best-Dad-fathers-day-bento-cakes.jpg""}]"
"306016","BNT010","Best Daddy Fathers day cakes","476.19","Bento Cakes","instock","","egg, eggless","Celebrate the world’s Best Dad design bento cake with our delicious bento cake, cute, flavorful, and made to make him smile. Only at Cake Square, available in all flavours, delivered in 45 mins!","https://cakesquare.com/product/strawberry-cake-dad-best-dad/","https://cakesquare.com/wp-content/uploads/2025/06/Best-Daddy-Fathers-day-cakes.jpg","Best Dad design Strawberry bento cake in Pink and White - 380 grams - Delivered in Chennai","12","[{""variation_id"":316518,""sku"":""BNT010"",""price"":666,""weight"":"""",""cake_type"":""egg"",""is_in_stock"":true,""image_url"":""https://cakesquare.com/wp-content/uploads/2025/06/Best-Daddy-Fathers-day-cakes.jpg""},{""variation_id"":316519,""sku"":""BNT010"",""price"":476.19,""weight"":"""",""cake_type"":""egg"",""is_in_stock"":true,""image_url"":""https://cakesquare.com/wp-content/uploads/2025/06/Best-Daddy-Fathers-day-cakes.jpg""},{""variation_id"":316520,""sku"":""BNT010"",""price"":476.19,""weight"":"""",""cake_type"":""egg"",""is_in_stock"":true,""image_url"":""https://cakesquare.com/wp-content/uploads/2025/06/Best-Daddy-Fathers-day-cakes.jpg""},{""variation_id"":316521,""sku"":""BNT010"",""price"":476.19,""weight"":"""",""cake_type"":""egg"",""is_in_stock"":true,""image_url"":""https://cakesquare.com/wp-content/uploads/2025/06/Best-Daddy-Fathers-day-cakes.jpg""},{""variation_id"":316522,""sku"":""BNT010"",""price"":572,""weight"":"""",""cake_type"":""egg"",""is_in_stock"":true,""image_url"":""https://cakesquare.com/wp-content/uploads/2025/06/Best-Daddy-Fathers-day-cakes.jpg""},{""variation_id"":316523,""sku"":""BNT010"",""price"":572,""weight"":"""",""cake_type"":""egg"",""is_in_stock"":true,""image_url"":""https://cakesquare.com/wp-content/uploads/2025/06/Best-Daddy-Fathers-day-cakes.jpg""},{""variation_id"":316524,""sku"":""BNT010"",""price"":714.29,""weight"":"""",""cake_type"":""eggless"",""is_in_stock"":true,""image_url"":""https://cakesquare.com/wp-content/uploads/2025/06/Best-Daddy-Fathers-day-cakes.jpg""},{""variation_id"":316525,""sku"":""BNT010"",""price"":523.81,""weight"":"""",""cake_type"":""eggless"",""is_in_stock"":true,""image_url"":""https://cakesquare.com/wp-content/uploads/2025/06/Best-Daddy-Fathers-day-cakes.jpg""},{""variation_id"":316526,""sku"":""BNT010"",""price"":523.81,""weight"":"""",""cake_type"":""eggless"",""is_in_stock"":true,""image_url"":""https://cakesquare.com/wp-content/uploads/2025/06/Best-Daddy-Fathers-day-cakes.jpg""},{""variation_id"":316527,""sku"":""BNT010"",""price"":523.81,""weight"":"""",""cake_type"":""eggless"",""is_in_stock"":true,""image_url"":""https://cakesquare.com/wp-content/uploads/2025/06/Best-Daddy-Fathers-day-cakes.jpg""},{""variation_id"":316528,""sku"":""BNT010"",""price"":619.81,""weight"":"""",""cake_type"":""eggless"",""is_in_stock"":true,""image_url"":""https://cakesquare.com/wp-content/uploads/2025/06/Best-Daddy-Fathers-day-cakes.jpg""},{""variation_id"":316529,""sku"":""BNT010"",""price"":619.81,""weight"":"""",""cake_type"":""eggless"",""is_in_stock"":true,""image_url"":""https://cakesquare.com/wp-content/uploads/2025/06/Best-Daddy-Fathers-day-cakes.jpg""}]"
"306019","BNT011","Dad Fathers day Bento cakes","476.19","Bento Cakes","instock","","egg, eggless","Celebrate Father’s Day with a cute Best Dad Father’s Day Bento Cake in Chennai. Perfect mini cake for surprises, available in multiple flavours with same-day delivery from Cake Square.","https://cakesquare.com/product/red-velvet-cake-dad-love-you-dad/","https://cakesquare.com/wp-content/uploads/2025/06/Dad-Fathers-day-Bento-cakes.jpg","Best Dad Father's Day bento cake, best dad fathers day bento cakes, cake for dad, bento cake designs for dad, dad's hugging bento cake design, Love You Dad design Red Velvet bento cake in Red - 380 grams - Delivered in Chennai","12","[{""variation_id"":316695,""sku"":""BNT011"",""price"":666,""weight"":"""",""cake_type"":""egg"",""is_in_stock"":true,""image_url"":""https://cakesquare.com/wp-content/uploads/2025/06/Dad-Fathers-day-Bento-cakes.jpg""},{""variation_id"":316696,""sku"":""BNT011"",""price"":714.26,""weight"":"""",""cake_type"":""eggless"",""is_in_stock"":true,""image_url"":""https://cakesquare.com/wp-content/uploads/2025/06/Dad-Fathers-day-Bento-cakes.jpg""},{""variation_id"":316697,""sku"":""BNT011"",""price"":476.19,""weight"":"""",""cake_type"":""egg"",""is_in_stock"":true,""image_url"":""https://cakesquare.com/wp-content/uploads/2025/06/Dad-Fathers-day-Bento-cakes.jpg""},{""variation_id"":316698,""sku"":""BNT011"",""price"":523.81,""weight"":"""",""cake_type"":""eggless"",""is_in_stock"":true,""image_url"":""https://cakesquare.com/wp-content/uploads/2025/06/Dad-Fathers-day-Bento-cakes.jpg""},{""variation_id"":316699,""sku"":""BNT011"",""price"":476.19,""weight"":"""",""cake_type"":""egg"",""is_in_stock"":true,""image_url"":""https://cakesquare.com/wp-content/uploads/2025/06/Dad-Fathers-day-Bento-cakes.jpg""},{""variation_id"":316700,""sku"":""BNT011"",""price"":523.81,""weight"":"""",""cake_type"":""eggless"",""is_in_stock"":true,""image_url"":""https://cakesquare.com/wp-content/uploads/2025/06/Dad-Fathers-day-Bento-cakes.jpg""},{""variation_id"":316701,""sku"":""BNT011"",""price"":476.19,""weight"":"""",""cake_type"":""egg"",""is_in_stock"":true,""image_url"":""https://cakesquare.com/wp-content/uploads/2025/06/Dad-Fathers-day-Bento-cakes.jpg""},{""variation_id"":316702,""sku"":""BNT011"",""price"":523.81,""weight"":"""",""cake_type"":""eggless"",""is_in_stock"":true,""image_url"":""https://cakesquare.com/wp-content/uploads/2025/06/Dad-Fathers-day-Bento-cakes.jpg""},{""variation_id"":316703,""sku"":""BNT011"",""price"":572,""weight"":"""",""cake_type"":""egg"",""is_in_stock"":true,""image_url"":""https://cakesquare.com/wp-content/uploads/2025/06/Dad-Fathers-day-Bento-cakes.jpg""},{""variation_id"":316704,""sku"":""BNT011"",""price"":619.81,""weight"":"""",""cake_type"":""eggless"",""is_in_stock"":true,""image_url"":""https://cakesquare.com/wp-content/uploads/2025/06/Dad-Fathers-day-Bento-cakes.jpg""},{""variation_id"":316705,""sku"":""BNT011"",""price"":572,""weight"":"""",""cake_type"":""egg"",""is_in_stock"":true,""image_url"":""https://cakesquare.com/wp-content/uploads/2025/06/Dad-Fathers-day-Bento-cakes.jpg""},{""variation_id"":316706,""sku"":""BNT011"",""price"":619.81,""weight"":"""",""cake_type"":""eggless"",""is_in_stock"":true,""image_url"":""https://cakesquare.com/wp-content/uploads/2025/06/Dad-Fathers-day-Bento-cakes.jpg""}]"
"306022","BNT012","Happy fathers day bento cake","476.19","Bento Cakes","instock","","egg, eggless","Celebrate the world’s Best Dad with our delicious bento cake, cute, flavorful, and made to make him smile. Only at Cake Square!","https://cakesquare.com/product/chocolate-cake-dad-happy-fathers-day/","https://cakesquare.com/wp-content/uploads/2025/06/Happy-fathers-day-bento-cake.jpg","Happy Father's Day design Chocolate bento cake in Chocolate Black - 380 grams - Delivered in Chennai","12","[{""variation_id"":316833,""sku"":""BNT012"",""price"":666,""weight"":"""",""cake_type"":""egg"",""is_in_stock"":true,""image_url"":""https://cakesquare.com/wp-content/uploads/2025/06/Happy-fathers-day-bento-cake.jpg""},{""variation_id"":316834,""sku"":""BNT012"",""price"":476.19,""weight"":"""",""cake_type"":""egg"",""is_in_stock"":true,""image_url"":""https://cakesquare.com/wp-content/uploads/2025/06/Happy-fathers-day-bento-cake.jpg""},{""variation_id"":316835,""sku"":""BNT012"",""price"":476.19,""weight"":"""",""cake_type"":""egg"",""is_in_stock"":true,""image_url"":""https://cakesquare.com/wp-content/uploads/2025/06/Happy-fathers-day-bento-cake.jpg""},{""variation_id"":316836,""sku"":""BNT012"",""price"":476.19,""weight"":"""",""cake_type"":""egg"",""is_in_stock"":true,""image_url"":""https://cakesquare.com/wp-content/uploads/2025/06/Happy-fathers-day-bento-cake.jpg""},{""variation_id"":316837,""sku"":""BNT012"",""price"":572,""weight"":"""",""cake_type"":""egg"",""is_in_stock"":true,""image_url"":""https://cakesquare.com/wp-content/uploads/2025/06/Happy-fathers-day-bento-cake.jpg""},{""variation_id"":316838,""sku"":""BNT012"",""price"":572,""weight"":"""",""cake_type"":""egg"",""is_in_stock"":true,""image_url"":""https://cakesquare.com/wp-content/uploads/2025/06/Happy-fathers-day-bento-cake.jpg""},{""variation_id"":316839,""sku"":""BNT012"",""price"":714.29,""weight"":"""",""cake_type"":""eggless"",""is_in_stock"":true,""image_url"":""https://cakesquare.com/wp-content/uploads/2025/06/Happy-fathers-day-bento-cake.jpg""},{""variation_id"":316840,""sku"":""BNT012"",""price"":523.81,""weight"":"""",""cake_type"":""eggless"",""is_in_stock"":true,""image_url"":""https://cakesquare.com/wp-content/uploads/2025/06/Happy-fathers-day-bento-cake.jpg""},{""variation_id"":316841,""sku"":""BNT012"",""price"":523.81,""weight"":"""",""cake_type"":""eggless"",""is_in_stock"":true,""image_url"":""https://cakesquare.com/wp-content/uploads/2025/06/Happy-fathers-day-bento-cake.jpg""},{""variation_id"":316842,""sku"":""BNT012"",""price"":523.81,""weight"":"""",""cake_type"":""eggless"",""is_in_stock"":true,""image_url"":""https://cakesquare.com/wp-content/uploads/2025/06/Happy-fathers-day-bento-cake.jpg""},{""variation_id"":316843,""sku"":""BNT012"",""price"":619.81,""weight"":"""",""cake_type"":""eggless"",""is_in_stock"":true,""image_url"":""https://cakesquare.com/wp-content/uploads/2025/06/Happy-fathers-day-bento-cake.jpg""},{""variation_id"":316844,""sku"":""BNT012"",""price"":619.81,""weight"":"""",""cake_type"":""eggless"",""is_in_stock"":true,""image_url"":""https://cakesquare.com/wp-content/uploads/2025/06/Happy-fathers-day-bento-cake.jpg""}]"
"314972","BNT020","Surprise Bento cakes","500","Bento Cakes","instock","","egg, eggless","Plan the perfect Valentine surprise with Cake Square’s Surprise Bento Cake. Freshly baked mini cakes, 45-minute delivery across Chennai, and a free rose for Valentine’s Day. Order now!","https://cakesquare.com/product/surprise-bento-cakes/","https://cakesquare.com/wp-content/uploads/2026/02/Hidden-Message-Bento-cakes.webp","surprise bento cake, secret message bento cake, cute bento cakes, premium bento cakes, bento cakes chennai, cake square, mini bento cakes","10","[{""variation_id"":315171,""sku"":""BNT020"",""price"":700,""weight"":"""",""cake_type"":""egg"",""is_in_stock"":true,""image_url"":""https://cakesquare.com/wp-content/uploads/2026/02/Hidden-Message-Bento-cakes.webp""},{""variation_id"":315172,""sku"":""BNT020"",""price"":750,""weight"":"""",""cake_type"":""eggless"",""is_in_stock"":true,""image_url"":""https://cakesquare.com/wp-content/uploads/2026/02/Hidden-Message-Bento-cakes.webp""},{""variation_id"":315173,""sku"":""BNT020"",""price"":500,""weight"":"""",""cake_type"":""egg"",""is_in_stock"":true,""image_url"":""https://cakesquare.com/wp-content/uploads/2026/02/Hidden-Message-Bento-cakes.webp""},{""variation_id"":315174,""sku"":""BNT020"",""price"":550,""weight"":"""",""cake_type"":""eggless"",""is_in_stock"":true,""image_url"":""https://cakesquare.com/wp-content/uploads/2026/02/Hidden-Message-Bento-cakes.webp""},{""variation_id"":315175,""sku"":""BNT020"",""price"":500,""weight"":"""",""cake_type"":""egg"",""is_in_stock"":true,""image_url"":""https://cakesquare.com/wp-content/uploads/2026/02/Hidden-Message-Bento-cakes.webp""},{""variation_id"":315176,""sku"":""BNT020"",""price"":550,""weight"":"""",""cake_type"":""eggless"",""is_in_stock"":true,""image_url"":""https://cakesquare.com/wp-content/uploads/2026/02/Hidden-Message-Bento-cakes.webp""},{""variation_id"":315177,""sku"":""BNT020"",""price"":500,""weight"":"""",""cake_type"":""egg"",""is_in_stock"":true,""image_url"":""https://cakesquare.com/wp-content/uploads/2026/02/Hidden-Message-Bento-cakes.webp""},{""variation_id"":315178,""sku"":""BNT020"",""price"":550,""weight"":"""",""cake_type"":""eggless"",""is_in_stock"":true,""image_url"":""https://cakesquare.com/wp-content/uploads/2026/02/Hidden-Message-Bento-cakes.webp""},{""variation_id"":315179,""sku"":""BNT020"",""price"":600,""weight"":"""",""cake_type"":""egg"",""is_in_stock"":true,""image_url"":""https://cakesquare.com/wp-content/uploads/2026/02/Hidden-Message-Bento-cakes.webp""},{""variation_id"":315180,""sku"":""BNT020"",""price"":650,""weight"":"""",""cake_type"":""eggless"",""is_in_stock"":true,""image_url"":""https://cakesquare.com/wp-content/uploads/2026/02/Hidden-Message-Bento-cakes.webp""}]"
"314989","BNT021","Love You Bento Cake","500","Bento Cakes","instock","","egg, eggless","Plan the perfect Valentine surprise with Cake Square’s love you Bento Cake. Freshly baked mini cakes, 45-minute delivery across Chennai, and a free rose for Valentine’s Day. Order now!","https://cakesquare.com/product/love-you-bento-cakes-copy/","https://cakesquare.com/wp-content/uploads/2026/02/Love-you-bento-cake.webp","love you bento cake, valentines day cake, cute customised cakes, cute mini cakes, bento cakes chennai, premium bento cakes, cake square chennai, love you cake","10","[{""variation_id"":315161,""sku"":""BNT021"",""price"":700,""weight"":"""",""cake_type"":""egg"",""is_in_stock"":true,""image_url"":""https://cakesquare.com/wp-content/uploads/2026/02/Love-you-bento-cake.webp""},{""variation_id"":315162,""sku"":""BNT021"",""price"":750,""weight"":"""",""cake_type"":""eggless"",""is_in_stock"":true,""image_url"":""https://cakesquare.com/wp-content/uploads/2026/02/Love-you-bento-cake.webp""},{""variation_id"":315163,""sku"":""BNT021"",""price"":500,""weight"":"""",""cake_type"":""egg"",""is_in_stock"":true,""image_url"":""https://cakesquare.com/wp-content/uploads/2026/02/Love-you-bento-cake.webp""},{""variation_id"":315164,""sku"":""BNT021"",""price"":550,""weight"":"""",""cake_type"":""eggless"",""is_in_stock"":true,""image_url"":""https://cakesquare.com/wp-content/uploads/2026/02/Love-you-bento-cake.webp""},{""variation_id"":315165,""sku"":""BNT021"",""price"":500,""weight"":"""",""cake_type"":""egg"",""is_in_stock"":true,""image_url"":""https://cakesquare.com/wp-content/uploads/2026/02/Love-you-bento-cake.webp""},{""variation_id"":315166,""sku"":""BNT021"",""price"":550,""weight"":"""",""cake_type"":""eggless"",""is_in_stock"":true,""image_url"":""https://cakesquare.com/wp-content/uploads/2026/02/Love-you-bento-cake.webp""},{""variation_id"":315167,""sku"":""BNT021"",""price"":500,""weight"":"""",""cake_type"":""egg"",""is_in_stock"":true,""image_url"":""https://cakesquare.com/wp-content/uploads/2026/02/Love-you-bento-cake.webp""},{""variation_id"":315168,""sku"":""BNT021"",""price"":550,""weight"":"""",""cake_type"":""eggless"",""is_in_stock"":true,""image_url"":""https://cakesquare.com/wp-content/uploads/2026/02/Love-you-bento-cake.webp""},{""variation_id"":315169,""sku"":""BNT021"",""price"":600,""weight"":"""",""cake_type"":""egg"",""is_in_stock"":true,""image_url"":""https://cakesquare.com/wp-content/uploads/2026/02/Love-you-bento-cake.webp""},{""variation_id"":315170,""sku"":""BNT021"",""price"":650,""weight"":"""",""cake_type"":""eggless"",""is_in_stock"":true,""image_url"":""https://cakesquare.com/wp-content/uploads/2026/02/Love-you-bento-cake.webp""}]"
"315004","BNT020-1","Cute Penguin Bento cakes","500","Bento Cakes","instock","","egg, eggless","Plan the perfect Valentine surprise with Cake Square’s cute penguin Bento Cake. Freshly baked mini cakes, 45-minute delivery across Chennai, and a free rose for Valentine’s Day. Order now- trending cake!","https://cakesquare.com/product/cute-penguin-bento-cakes/","https://cakesquare.com/wp-content/uploads/2026/02/Cute-Penguine-Bento-cakes.webp","penguin bento cake, trending penguin bento, bento cakes, mini cakes, cake square, bento cakes at 500, trending cake, valentines day cake, love couples cake,","10","[{""variation_id"":315149,""sku"":""BNT020-1"",""price"":700,""weight"":"""",""cake_type"":""egg"",""is_in_stock"":true,""image_url"":""https://cakesquare.com/wp-content/uploads/2026/02/Cute-Penguine-Bento-cakes.webp""},{""variation_id"":315150,""sku"":""BNT020-1"",""price"":750,""weight"":"""",""cake_type"":""eggless"",""is_in_stock"":true,""image_url"":""https://cakesquare.com/wp-content/uploads/2026/02/Cute-Penguine-Bento-cakes.webp""},{""variation_id"":315151,""sku"":""BNT020-1"",""price"":500,""weight"":"""",""cake_type"":""egg"",""is_in_stock"":true,""image_url"":""https://cakesquare.com/wp-content/uploads/2026/02/Cute-Penguine-Bento-cakes.webp""},{""variation_id"":315152,""sku"":""BNT020-1"",""price"":550,""weight"":"""",""cake_type"":""eggless"",""is_in_stock"":true,""image_url"":""https://cakesquare.com/wp-content/uploads/2026/02/Cute-Penguine-Bento-cakes.webp""},{""variation_id"":315153,""sku"":""BNT020-1"",""price"":500,""weight"":"""",""cake_type"":""egg"",""is_in_stock"":true,""image_url"":""https://cakesquare.com/wp-content/uploads/2026/02/Cute-Penguine-Bento-cakes.webp""},{""variation_id"":315154,""sku"":""BNT020-1"",""price"":550,""weight"":"""",""cake_type"":""eggless"",""is_in_stock"":true,""image_url"":""https://cakesquare.com/wp-content/uploads/2026/02/Cute-Penguine-Bento-cakes.webp""},{""variation_id"":315155,""sku"":""BNT020-1"",""price"":500,""weight"":"""",""cake_type"":""egg"",""is_in_stock"":true,""image_url"":""https://cakesquare.com/wp-content/uploads/2026/02/Cute-Penguine-Bento-cakes.webp""},{""variation_id"":315156,""sku"":""BNT020-1"",""price"":550,""weight"":"""",""cake_type"":""eggless"",""is_in_stock"":true,""image_url"":""https://cakesquare.com/wp-content/uploads/2026/02/Cute-Penguine-Bento-cakes.webp""},{""variation_id"":315159,""sku"":""BNT020-1"",""price"":600,""weight"":"""",""cake_type"":""egg"",""is_in_stock"":true,""image_url"":""https://cakesquare.com/wp-content/uploads/2026/02/Cute-Penguine-Bento-cakes.webp""},{""variation_id"":315160,""sku"":""BNT020-1"",""price"":650,""weight"":"""",""cake_type"":""eggless"",""is_in_stock"":true,""image_url"":""https://cakesquare.com/wp-content/uploads/2026/02/Cute-Penguine-Bento-cakes.webp""}]"
"315019","BNT020-1-1","Sweet Heart Bento cakes","500","Bento Cakes","instock","","egg, eggless","Celebrate love with Cake Square’s Sweet Heart Bento Cake. A heart-themed mini cake perfect for Valentine’s Day, delivered in 45 minutes across Chennai with a free rose. Order now!","https://cakesquare.com/product/sweet-heart-bento-cakes-copy/","https://cakesquare.com/wp-content/uploads/2026/02/Sweet-Heart-Bento-cake.webp","sweet heart bento cake, red velvet bento cake, mini cake, valentines day bento cake, cute mini cakes, mini cakes for him, bento cakes for her, love you bento cakes, premium bento cake, proposal bento cakes, bento cake designs","10","[{""variation_id"":315139,""sku"":""BNT020-1-1"",""price"":700,""weight"":"""",""cake_type"":""egg"",""is_in_stock"":true,""image_url"":""https://cakesquare.com/wp-content/uploads/2026/02/Sweet-Heart-Bento-cake.webp""},{""variation_id"":315140,""sku"":""BNT020-1-1"",""price"":750,""weight"":"""",""cake_type"":""eggless"",""is_in_stock"":true,""image_url"":""https://cakesquare.com/wp-content/uploads/2026/02/Sweet-Heart-Bento-cake.webp""},{""variation_id"":315141,""sku"":""BNT020-1-1"",""price"":500,""weight"":"""",""cake_type"":""egg"",""is_in_stock"":true,""image_url"":""https://cakesquare.com/wp-content/uploads/2026/02/Sweet-Heart-Bento-cake.webp""},{""variation_id"":315142,""sku"":""BNT020-1-1"",""price"":550,""weight"":"""",""cake_type"":""eggless"",""is_in_stock"":true,""image_url"":""https://cakesquare.com/wp-content/uploads/2026/02/Sweet-Heart-Bento-cake.webp""},{""variation_id"":315143,""sku"":""BNT020-1-1"",""price"":500,""weight"":"""",""cake_type"":""egg"",""is_in_stock"":true,""image_url"":""https://cakesquare.com/wp-content/uploads/2026/02/Sweet-Heart-Bento-cake.webp""},{""variation_id"":315144,""sku"":""BNT020-1-1"",""price"":550,""weight"":"""",""cake_type"":""eggless"",""is_in_stock"":true,""image_url"":""https://cakesquare.com/wp-content/uploads/2026/02/Sweet-Heart-Bento-cake.webp""},{""variation_id"":315145,""sku"":""BNT020-1-1"",""price"":500,""weight"":"""",""cake_type"":""egg"",""is_in_stock"":true,""image_url"":""https://cakesquare.com/wp-content/uploads/2026/02/Sweet-Heart-Bento-cake.webp""},{""variation_id"":315146,""sku"":""BNT020-1-1"",""price"":550,""weight"":"""",""cake_type"":""eggless"",""is_in_stock"":true,""image_url"":""https://cakesquare.com/wp-content/uploads/2026/02/Sweet-Heart-Bento-cake.webp""},{""variation_id"":315147,""sku"":""BNT020-1-1"",""price"":600,""weight"":"""",""cake_type"":""egg"",""is_in_stock"":true,""image_url"":""https://cakesquare.com/wp-content/uploads/2026/02/Sweet-Heart-Bento-cake.webp""},{""variation_id"":315148,""sku"":""BNT020-1-1"",""price"":650,""weight"":"""",""cake_type"":""eggless"",""is_in_stock"":true,""image_url"":""https://cakesquare.com/wp-content/uploads/2026/02/Sweet-Heart-Bento-cake.webp""}]"
"315032","BNT023","Be My Valentine Bento cake","500","Bento Cakes","instock","","egg, eggless","Plan the perfect Valentine surprise with Cake Square’s be my valentine Bento Cake. Freshly baked mini cakes, 45-minute delivery across Chennai, and a free rose for Valentine’s Day. Order now- trending cake!","https://cakesquare.com/product/be-my-valentine-bento-cake/","https://cakesquare.com/wp-content/uploads/2026/02/Valentines-day-special-Bento-cakes.webp","be my valentine bento cake, bento cake, valentines day cake, cake for proposal, proposal cake, bento cake, bento cake for her, bento cake for him, love bento cake","10","[{""variation_id"":315108,""sku"":""BNT023"",""price"":700,""weight"":"""",""cake_type"":""egg"",""is_in_stock"":true,""image_url"":""https://cakesquare.com/wp-content/uploads/2026/02/Valentines-day-special-Bento-cakes.webp""},{""variation_id"":315109,""sku"":""BNT023"",""price"":750,""weight"":"""",""cake_type"":""eggless"",""is_in_stock"":true,""image_url"":""https://cakesquare.com/wp-content/uploads/2026/02/Valentines-day-special-Bento-cakes.webp""},{""variation_id"":315110,""sku"":""BNT023"",""price"":500,""weight"":"""",""cake_type"":""egg"",""is_in_stock"":true,""image_url"":""https://cakesquare.com/wp-content/uploads/2026/02/Valentines-day-special-Bento-cakes.webp""},{""variation_id"":315111,""sku"":""BNT023"",""price"":550,""weight"":"""",""cake_type"":""eggless"",""is_in_stock"":true,""image_url"":""https://cakesquare.com/wp-content/uploads/2026/02/Valentines-day-special-Bento-cakes.webp""},{""variation_id"":315112,""sku"":""BNT023"",""price"":500,""weight"":"""",""cake_type"":""egg"",""is_in_stock"":true,""image_url"":""https://cakesquare.com/wp-content/uploads/2026/02/Valentines-day-special-Bento-cakes.webp""},{""variation_id"":315113,""sku"":""BNT023"",""price"":550,""weight"":"""",""cake_type"":""eggless"",""is_in_stock"":true,""image_url"":""https://cakesquare.com/wp-content/uploads/2026/02/Valentines-day-special-Bento-cakes.webp""},{""variation_id"":315114,""sku"":""BNT023"",""price"":500,""weight"":"""",""cake_type"":""egg"",""is_in_stock"":true,""image_url"":""https://cakesquare.com/wp-content/uploads/2026/02/Valentines-day-special-Bento-cakes.webp""},{""variation_id"":315115,""sku"":""BNT023"",""price"":550,""weight"":"""",""cake_type"":""eggless"",""is_in_stock"":true,""image_url"":""https://cakesquare.com/wp-content/uploads/2026/02/Valentines-day-special-Bento-cakes.webp""},{""variation_id"":315116,""sku"":""BNT023"",""price"":600,""weight"":"""",""cake_type"":""egg"",""is_in_stock"":true,""image_url"":""https://cakesquare.com/wp-content/uploads/2026/02/Valentines-day-special-Bento-cakes.webp""},{""variation_id"":315117,""sku"":""BNT023"",""price"":650,""weight"":"""",""cake_type"":""eggless"",""is_in_stock"":true,""image_url"":""https://cakesquare.com/wp-content/uploads/2026/02/Valentines-day-special-Bento-cakes.webp""}]"
"315046","BNT024","Simple Aesthetic Love Bento cakes","500","Bento Cakes","instock","","egg, eggless","Plan the perfect Valentine surprise with Cake Square’s simple aesthetic love Bento Cake with pearls. Freshly baked mini cakes, 45-minute delivery across Chennai, and a free rose for Valentine’s Day. Order now- trending cake!","https://cakesquare.com/product/simple-aesthetic-love-bento-cakes-love/","https://cakesquare.com/wp-content/uploads/2026/02/Simple-Love-Bento-cake.webp","simple aesthetic love bento cake, bento cake,love bento cake, cute bento cake for him, love bento cake, cakes for him, mini cakes, bento cake, love bento cake","10","[{""variation_id"":315098,""sku"":""BNT024"",""price"":700,""weight"":"""",""cake_type"":""egg"",""is_in_stock"":true,""image_url"":""https://cakesquare.com/wp-content/uploads/2026/02/Simple-Love-Bento-cake.webp""},{""variation_id"":315099,""sku"":""BNT024"",""price"":750,""weight"":"""",""cake_type"":""eggless"",""is_in_stock"":true,""image_url"":""https://cakesquare.com/wp-content/uploads/2026/02/Simple-Love-Bento-cake.webp""},{""variation_id"":315100,""sku"":""BNT024"",""price"":500,""weight"":"""",""cake_type"":""egg"",""is_in_stock"":true,""image_url"":""https://cakesquare.com/wp-content/uploads/2026/02/Simple-Love-Bento-cake.webp""},{""variation_id"":315101,""sku"":""BNT024"",""price"":550,""weight"":"""",""cake_type"":""eggless"",""is_in_stock"":true,""image_url"":""https://cakesquare.com/wp-content/uploads/2026/02/Simple-Love-Bento-cake.webp""},{""variation_id"":315102,""sku"":""BNT024"",""price"":500,""weight"":"""",""cake_type"":""egg"",""is_in_stock"":true,""image_url"":""https://cakesquare.com/wp-content/uploads/2026/02/Simple-Love-Bento-cake.webp""},{""variation_id"":315103,""sku"":""BNT024"",""price"":550,""weight"":"""",""cake_type"":""eggless"",""is_in_stock"":true,""image_url"":""https://cakesquare.com/wp-content/uploads/2026/02/Simple-Love-Bento-cake.webp""},{""variation_id"":315104,""sku"":""BNT024"",""price"":500,""weight"":"""",""cake_type"":""egg"",""is_in_stock"":true,""image_url"":""https://cakesquare.com/wp-content/uploads/2026/02/Simple-Love-Bento-cake.webp""},{""variation_id"":315105,""sku"":""BNT024"",""price"":550,""weight"":"""",""cake_type"":""eggless"",""is_in_stock"":true,""image_url"":""https://cakesquare.com/wp-content/uploads/2026/02/Simple-Love-Bento-cake.webp""},{""variation_id"":315106,""sku"":""BNT024"",""price"":600,""weight"":"""",""cake_type"":""egg"",""is_in_stock"":true,""image_url"":""https://cakesquare.com/wp-content/uploads/2026/02/Simple-Love-Bento-cake.webp""},{""variation_id"":315107,""sku"":""BNT024"",""price"":650,""weight"":"""",""cake_type"":""eggless"",""is_in_stock"":true,""image_url"":""https://cakesquare.com/wp-content/uploads/2026/02/Simple-Love-Bento-cake.webp""}]"
"315059","BNT025","Heart shaped bento cake","500","Bento Cakes","instock","","egg, eggless","Plan the perfect Valentine surprise with Cake Square’s cute Heart Shaped Bento Cake. Freshly baked mini cakes, 45-minute delivery across Chennai, and a free rose for Valentine’s Day. Order now- trending cake!","https://cakesquare.com/product/heart-shaped-bento-cake/","https://cakesquare.com/wp-content/uploads/2026/02/Heart-Shaped-bento-cake.webp","heart shaped bento cake, bento cake, love bento cake, bento cake, bento cake for him, mini cake, bento cake for her, love cake, mini cake, valentines day cake, cute valentines day cake","10","[{""variation_id"":315080,""sku"":""BNT025"",""price"":700,""weight"":"""",""cake_type"":""egg"",""is_in_stock"":true,""image_url"":""https://cakesquare.com/wp-content/uploads/2026/02/Heart-Shaped-bento-cake.webp""},{""variation_id"":315081,""sku"":""BNT025"",""price"":750,""weight"":"""",""cake_type"":""eggless"",""is_in_stock"":true,""image_url"":""https://cakesquare.com/wp-content/uploads/2026/02/Heart-Shaped-bento-cake.webp""},{""variation_id"":315082,""sku"":""BNT025"",""price"":500,""weight"":"""",""cake_type"":""egg"",""is_in_stock"":true,""image_url"":""https://cakesquare.com/wp-content/uploads/2026/02/Heart-Shaped-bento-cake.webp""},{""variation_id"":315083,""sku"":""BNT025"",""price"":550,""weight"":"""",""cake_type"":""eggless"",""is_in_stock"":true,""image_url"":""https://cakesquare.com/wp-content/uploads/2026/02/Heart-Shaped-bento-cake.webp""},{""variation_id"":315084,""sku"":""BNT025"",""price"":500,""weight"":"""",""cake_type"":""egg"",""is_in_stock"":true,""image_url"":""https://cakesquare.com/wp-content/uploads/2026/02/Heart-Shaped-bento-cake.webp""},{""variation_id"":315085,""sku"":""BNT025"",""price"":550,""weight"":"""",""cake_type"":""eggless"",""is_in_stock"":true,""image_url"":""https://cakesquare.com/wp-content/uploads/2026/02/Heart-Shaped-bento-cake.webp""},{""variation_id"":315086,""sku"":""BNT025"",""price"":500,""weight"":"""",""cake_type"":""egg"",""is_in_stock"":true,""image_url"":""https://cakesquare.com/wp-content/uploads/2026/02/Heart-Shaped-bento-cake.webp""},{""variation_id"":315087,""sku"":""BNT025"",""price"":550,""weight"":"""",""cake_type"":""eggless"",""is_in_stock"":true,""image_url"":""https://cakesquare.com/wp-content/uploads/2026/02/Heart-Shaped-bento-cake.webp""},{""variation_id"":315088,""sku"":""BNT025"",""price"":600,""weight"":"""",""cake_type"":""egg"",""is_in_stock"":true,""image_url"":""https://cakesquare.com/wp-content/uploads/2026/02/Heart-Shaped-bento-cake.webp""},{""variation_id"":315089,""sku"":""BNT025"",""price"":650,""weight"":"""",""cake_type"":""eggless"",""is_in_stock"":true,""image_url"":""https://cakesquare.com/wp-content/uploads/2026/02/Heart-Shaped-bento-cake.webp""}]"
"315209","BNT026","Kiss Me Heart Shaped Bento cake","500","Bento Cakes","instock","","egg, eggless","Plan the perfect Valentine surprise with Cake Square’s cute Kiss me Heart Shaped Bento Cake. Freshly baked mini cakes, 45-minute delivery across Chennai, and a free rose for Valentine’s Day. Order now- trending cake!","https://cakesquare.com/product/kiss-me-heart-shaped-bento-cake/","https://cakesquare.com/wp-content/uploads/2026/02/Kiss-me-Bento-cake.webp","Kiss me heart shaped bento cake, valentines day bento cake, bento cake for her, bento cake for him, cute bento cake, bento cake designs, customised bento cakes, heart shaped bento cake, bento cakes, same day delivery bento cake, bento cake price","10","[{""variation_id"":315210,""sku"":""BNT026"",""price"":700,""weight"":"""",""cake_type"":""egg"",""is_in_stock"":true,""image_url"":""https://cakesquare.com/wp-content/uploads/2026/02/Kiss-me-Bento-cake.webp""},{""variation_id"":315211,""sku"":""BNT026"",""price"":750,""weight"":"""",""cake_type"":""eggless"",""is_in_stock"":true,""image_url"":""https://cakesquare.com/wp-content/uploads/2026/02/Kiss-me-Bento-cake.webp""},{""variation_id"":315212,""sku"":""BNT026"",""price"":500,""weight"":"""",""cake_type"":""egg"",""is_in_stock"":true,""image_url"":""https://cakesquare.com/wp-content/uploads/2026/02/Kiss-me-Bento-cake.webp""},{""variation_id"":315213,""sku"":""BNT026"",""price"":550,""weight"":"""",""cake_type"":""eggless"",""is_in_stock"":true,""image_url"":""https://cakesquare.com/wp-content/uploads/2026/02/Kiss-me-Bento-cake.webp""},{""variation_id"":315214,""sku"":""BNT026"",""price"":500,""weight"":"""",""cake_type"":""egg"",""is_in_stock"":true,""image_url"":""https://cakesquare.com/wp-content/uploads/2026/02/Kiss-me-Bento-cake.webp""},{""variation_id"":315215,""sku"":""BNT026"",""price"":550,""weight"":"""",""cake_type"":""eggless"",""is_in_stock"":true,""image_url"":""https://cakesquare.com/wp-content/uploads/2026/02/Kiss-me-Bento-cake.webp""},{""variation_id"":315216,""sku"":""BNT026"",""price"":500,""weight"":"""",""cake_type"":""egg"",""is_in_stock"":true,""image_url"":""https://cakesquare.com/wp-content/uploads/2026/02/Kiss-me-Bento-cake.webp""},{""variation_id"":315217,""sku"":""BNT026"",""price"":550,""weight"":"""",""cake_type"":""eggless"",""is_in_stock"":true,""image_url"":""https://cakesquare.com/wp-content/uploads/2026/02/Kiss-me-Bento-cake.webp""},{""variation_id"":315218,""sku"":""BNT026"",""price"":600,""weight"":"""",""cake_type"":""egg"",""is_in_stock"":true,""image_url"":""https://cakesquare.com/wp-content/uploads/2026/02/Kiss-me-Bento-cake.webp""},{""variation_id"":315219,""sku"":""BNT026"",""price"":650,""weight"":"""",""cake_type"":""eggless"",""is_in_stock"":true,""image_url"":""https://cakesquare.com/wp-content/uploads/2026/02/Kiss-me-Bento-cake.webp""}]"
"315437","BNT027","Lovely Couples Bento cakes","500","Bento Cakes","instock","","egg, eggless","Plan the perfect Valentine surprise with Cake Square’s lovely couple Bento Cake. Freshly baked mini cakes, 45-minute delivery across Chennai. Order now- trending cake!","https://cakesquare.com/product/lovely-couples-bento-cakes/","https://cakesquare.com/wp-content/uploads/2026/02/Lovely-couples-Bento-cakes.webp","lovely couple bento cake, Bischoff bento cakes, bento cakes, cakes, bento cakes, valentines cakes, couple cake, cakes for him, cakes for husband, cakes for her","10","[{""variation_id"":315451,""sku"":""BNT027"",""price"":700,""weight"":"""",""cake_type"":""egg"",""is_in_stock"":true,""image_url"":""https://cakesquare.com/wp-content/uploads/2026/02/Lovely-couples-Bento-cakes.webp""},{""variation_id"":315452,""sku"":""BNT027"",""price"":750,""weight"":"""",""cake_type"":""eggless"",""is_in_stock"":true,""image_url"":""https://cakesquare.com/wp-content/uploads/2026/02/Lovely-couples-Bento-cakes.webp""},{""variation_id"":315453,""sku"":""BNT027"",""price"":500,""weight"":"""",""cake_type"":""egg"",""is_in_stock"":true,""image_url"":""https://cakesquare.com/wp-content/uploads/2026/02/Lovely-couples-Bento-cakes.webp""},{""variation_id"":315454,""sku"":""BNT027"",""price"":550,""weight"":"""",""cake_type"":""eggless"",""is_in_stock"":true,""image_url"":""https://cakesquare.com/wp-content/uploads/2026/02/Lovely-couples-Bento-cakes.webp""},{""variation_id"":315455,""sku"":""BNT027"",""price"":500,""weight"":"""",""cake_type"":""egg"",""is_in_stock"":true,""image_url"":""https://cakesquare.com/wp-content/uploads/2026/02/Lovely-couples-Bento-cakes.webp""},{""variation_id"":315456,""sku"":""BNT027"",""price"":550,""weight"":"""",""cake_type"":""eggless"",""is_in_stock"":true,""image_url"":""https://cakesquare.com/wp-content/uploads/2026/02/Lovely-couples-Bento-cakes.webp""},{""variation_id"":315457,""sku"":""BNT027"",""price"":500,""weight"":"""",""cake_type"":""egg"",""is_in_stock"":true,""image_url"":""https://cakesquare.com/wp-content/uploads/2026/02/Lovely-couples-Bento-cakes.webp""},{""variation_id"":315458,""sku"":""BNT027"",""price"":550,""weight"":"""",""cake_type"":""eggless"",""is_in_stock"":true,""image_url"":""https://cakesquare.com/wp-content/uploads/2026/02/Lovely-couples-Bento-cakes.webp""},{""variation_id"":315459,""sku"":""BNT027"",""price"":600,""weight"":"""",""cake_type"":""egg"",""is_in_stock"":true,""image_url"":""https://cakesquare.com/wp-content/uploads/2026/02/Lovely-couples-Bento-cakes.webp""},{""variation_id"":315460,""sku"":""BNT027"",""price"":650,""weight"":"""",""cake_type"":""eggless"",""is_in_stock"":true,""image_url"":""https://cakesquare.com/wp-content/uploads/2026/02/Lovely-couples-Bento-cakes.webp""}]"
"319810","BNT028","Best mom Custom bento cake","500","Bento Cakes","instock","","egg, eggless","Order the best custom bento cake for mom in Chennai. Personalised, aesthetic mini cakes with same-day delivery. Perfect for Mother’s Day & birthdays. Best mom bento cake Chennai, custom bento cake for mom, Mother’s Day cake Chennai, mini cake for mom, personalised cake Chennai, bento cake delivery Chennai, aesthetic cakes Chennai, customised cakes for mom India,","https://cakesquare.com/product/best-mom-custom-bento-cake/","https://cakesquare.com/wp-content/uploads/2026/04/Best-mom-Custom-bento-cake.jpg","Decorated round cake with ""Best Mom Ever"" message, hearts, for Mother's Day in Chennai. best mom cake ever, best mothers day cake, mini cake, bento cake","10","[{""variation_id"":319811,""sku"":""BNT028"",""price"":700,""weight"":"""",""cake_type"":""egg"",""is_in_stock"":true,""image_url"":""https://cakesquare.com/wp-content/uploads/2026/04/Best-mom-Custom-bento-cake.jpg""},{""variation_id"":319812,""sku"":""BNT028"",""price"":750,""weight"":"""",""cake_type"":""eggless"",""is_in_stock"":true,""image_url"":""https://cakesquare.com/wp-content/uploads/2026/04/Best-mom-Custom-bento-cake.jpg""},{""variation_id"":319813,""sku"":""BNT028"",""price"":500,""weight"":"""",""cake_type"":""egg"",""is_in_stock"":true,""image_url"":""https://cakesquare.com/wp-content/uploads/2026/04/Best-mom-Custom-bento-cake.jpg""},{""variation_id"":319814,""sku"":""BNT028"",""price"":550,""weight"":"""",""cake_type"":""eggless"",""is_in_stock"":true,""image_url"":""https://cakesquare.com/wp-content/uploads/2026/04/Best-mom-Custom-bento-cake.jpg""},{""variation_id"":319815,""sku"":""BNT028"",""price"":500,""weight"":"""",""cake_type"":""egg"",""is_in_stock"":true,""image_url"":""https://cakesquare.com/wp-content/uploads/2026/04/Best-mom-Custom-bento-cake.jpg""},{""variation_id"":319816,""sku"":""BNT028"",""price"":550,""weight"":"""",""cake_type"":""eggless"",""is_in_stock"":true,""image_url"":""https://cakesquare.com/wp-content/uploads/2026/04/Best-mom-Custom-bento-cake.jpg""},{""variation_id"":319817,""sku"":""BNT028"",""price"":500,""weight"":"""",""cake_type"":""egg"",""is_in_stock"":true,""image_url"":""https://cakesquare.com/wp-content/uploads/2026/04/Best-mom-Custom-bento-cake.jpg""},{""variation_id"":319818,""sku"":""BNT028"",""price"":550,""weight"":"""",""cake_type"":""eggless"",""is_in_stock"":true,""image_url"":""https://cakesquare.com/wp-content/uploads/2026/04/Best-mom-Custom-bento-cake.jpg""},{""variation_id"":319819,""sku"":""BNT028"",""price"":600,""weight"":"""",""cake_type"":""egg"",""is_in_stock"":true,""image_url"":""https://cakesquare.com/wp-content/uploads/2026/04/Best-mom-Custom-bento-cake.jpg""},{""variation_id"":319820,""sku"":""BNT028"",""price"":650,""weight"":"""",""cake_type"":""eggless"",""is_in_stock"":true,""image_url"":""https://cakesquare.com/wp-content/uploads/2026/04/Best-mom-Custom-bento-cake.jpg""}]"
"319856","BNT029","Best mommy bento cake","500","Bento Cakes","instock","","egg, eggless","Order the best custom Best mommy bento cake for mom in Chennai. Personalised, aesthetic mini cakes with same-day delivery. Perfect for Mother’s Day & birthdays. Best mommy bento cake Chennai, custom bento cake for mom, Mother’s Day cake Chennai, mini cake for mom, personalised cake Chennai, bento cake delivery Chennai, aesthetic cakes Chennai, customised cakes for mom India,","https://cakesquare.com/product/best-mommy-bento-cake/","https://cakesquare.com/wp-content/uploads/2026/04/Best-mommy-bento-cake.jpg","Mother's Day cake with ""The Best Mommy"" message, pink background, surrounded by hearts. Best mommy cake, cake for mom, floral cake, bento cake, mini cake, Best mommy bento cake","10","[{""variation_id"":319857,""sku"":""BNT029"",""price"":700,""weight"":"""",""cake_type"":""egg"",""is_in_stock"":true,""image_url"":""https://cakesquare.com/wp-content/uploads/2026/04/Best-mommy-bento-cake.jpg""},{""variation_id"":319858,""sku"":""BNT029"",""price"":750,""weight"":"""",""cake_type"":""eggless"",""is_in_stock"":true,""image_url"":""https://cakesquare.com/wp-content/uploads/2026/04/Best-mommy-bento-cake.jpg""},{""variation_id"":319859,""sku"":""BNT029"",""price"":500,""weight"":"""",""cake_type"":""egg"",""is_in_stock"":true,""image_url"":""https://cakesquare.com/wp-content/uploads/2026/04/Best-mommy-bento-cake.jpg""},{""variation_id"":319860,""sku"":""BNT029"",""price"":550,""weight"":"""",""cake_type"":""eggless"",""is_in_stock"":true,""image_url"":""https://cakesquare.com/wp-content/uploads/2026/04/Best-mommy-bento-cake.jpg""},{""variation_id"":319861,""sku"":""BNT029"",""price"":500,""weight"":"""",""cake_type"":""egg"",""is_in_stock"":true,""image_url"":""https://cakesquare.com/wp-content/uploads/2026/04/Best-mommy-bento-cake.jpg""},{""variation_id"":319862,""sku"":""BNT029"",""price"":550,""weight"":"""",""cake_type"":""eggless"",""is_in_stock"":true,""image_url"":""https://cakesquare.com/wp-content/uploads/2026/04/Best-mommy-bento-cake.jpg""},{""variation_id"":319863,""sku"":""BNT029"",""price"":500,""weight"":"""",""cake_type"":""egg"",""is_in_stock"":true,""image_url"":""https://cakesquare.com/wp-content/uploads/2026/04/Best-mommy-bento-cake.jpg""},{""variation_id"":319864,""sku"":""BNT029"",""price"":550,""weight"":"""",""cake_type"":""eggless"",""is_in_stock"":true,""image_url"":""https://cakesquare.com/wp-content/uploads/2026/04/Best-mommy-bento-cake.jpg""},{""variation_id"":319865,""sku"":""BNT029"",""price"":600,""weight"":"""",""cake_type"":""egg"",""is_in_stock"":true,""image_url"":""https://cakesquare.com/wp-content/uploads/2026/04/Best-mommy-bento-cake.jpg""},{""variation_id"":319866,""sku"":""BNT029"",""price"":650,""weight"":"""",""cake_type"":""eggless"",""is_in_stock"":true,""image_url"":""https://cakesquare.com/wp-content/uploads/2026/04/Best-mommy-bento-cake.jpg""}]"
"319944","BNT030","Love You Amma Bento cake","500","Bento Cakes","instock","","egg, eggless","Order the best custom Best mom bento cake for mom with a text of Love you Amma bento cake in Chennai. Personalised, aesthetic mini cakes with same-day delivery. Perfect for Mother’s Day & birthdays. Best mommy bento cake Chennai, custom bento cake for mom, Mother’s Day cake Chennai, mini cake for mom, personalised cake Chennai, bento cake delivery Chennai, aesthetic cakes Chennai, customised cakes for mom India,","https://cakesquare.com/product/love-you-amma-bento-cake/","https://cakesquare.com/wp-content/uploads/2026/04/Special-cake-for-mothers-day.jpg","Chocolate cake with love message for Amma, Chennai celebration. Love you amma cake, mini cake, bento cake, love you amma bento cake, mini cake","10","[{""variation_id"":319945,""sku"":""BNT030"",""price"":700,""weight"":"""",""cake_type"":""egg"",""is_in_stock"":true,""image_url"":""https://cakesquare.com/wp-content/uploads/2026/04/Special-cake-for-mothers-day.jpg""},{""variation_id"":319946,""sku"":""BNT030"",""price"":750,""weight"":"""",""cake_type"":""eggless"",""is_in_stock"":true,""image_url"":""https://cakesquare.com/wp-content/uploads/2026/04/Special-cake-for-mothers-day.jpg""},{""variation_id"":319947,""sku"":""BNT030"",""price"":500,""weight"":"""",""cake_type"":""egg"",""is_in_stock"":true,""image_url"":""https://cakesquare.com/wp-content/uploads/2026/04/Special-cake-for-mothers-day.jpg""},{""variation_id"":319948,""sku"":""BNT030"",""price"":550,""weight"":"""",""cake_type"":""eggless"",""is_in_stock"":true,""image_url"":""https://cakesquare.com/wp-content/uploads/2026/04/Special-cake-for-mothers-day.jpg""},{""variation_id"":319949,""sku"":""BNT030"",""price"":500,""weight"":"""",""cake_type"":""egg"",""is_in_stock"":true,""image_url"":""https://cakesquare.com/wp-content/uploads/2026/04/Special-cake-for-mothers-day.jpg""},{""variation_id"":319950,""sku"":""BNT030"",""price"":550,""weight"":"""",""cake_type"":""eggless"",""is_in_stock"":true,""image_url"":""https://cakesquare.com/wp-content/uploads/2026/04/Special-cake-for-mothers-day.jpg""},{""variation_id"":319951,""sku"":""BNT030"",""price"":500,""weight"":"""",""cake_type"":""egg"",""is_in_stock"":true,""image_url"":""https://cakesquare.com/wp-content/uploads/2026/04/Special-cake-for-mothers-day.jpg""},{""variation_id"":319952,""sku"":""BNT030"",""price"":550,""weight"":"""",""cake_type"":""eggless"",""is_in_stock"":true,""image_url"":""https://cakesquare.com/wp-content/uploads/2026/04/Special-cake-for-mothers-day.jpg""},{""variation_id"":319953,""sku"":""BNT030"",""price"":600,""weight"":"""",""cake_type"":""egg"",""is_in_stock"":true,""image_url"":""https://cakesquare.com/wp-content/uploads/2026/04/Special-cake-for-mothers-day.jpg""},{""variation_id"":319954,""sku"":""BNT030"",""price"":650,""weight"":"""",""cake_type"":""eggless"",""is_in_stock"":true,""image_url"":""https://cakesquare.com/wp-content/uploads/2026/04/Special-cake-for-mothers-day.jpg""}]"
"319959","BNT032","Our Mom Our Queen Bento cake","500","Bento Cakes","instock","","egg, eggless","Order the best custom our mom our queen bento cake for mom with a text of Love you Amma bento cake in Chennai. Personalised, aesthetic mini cakes with same-day delivery. Perfect for Mother’s Day & birthdays. Best mommy bento cake Chennai, custom bento cake for mom, Mother’s Day cake Chennai, mini cake for mom, personalised cake Chennai, bento cake delivery Chennai, aesthetic cakes Chennai, customised cakes for mom India,","https://cakesquare.com/product/our-mom-our-queen-bento-cake/","https://cakesquare.com/wp-content/uploads/2026/04/Cake-for-our-queen.jpg","Delicate pink cake with ""Our Mom Our Queen"" message, perfect for Mother's Day in Chennai. our mom our queen","10","[{""variation_id"":319960,""sku"":""BNT032"",""price"":700,""weight"":"""",""cake_type"":""egg"",""is_in_stock"":true,""image_url"":""https://cakesquare.com/wp-content/uploads/2026/04/Cake-for-our-queen.jpg""},{""variation_id"":319961,""sku"":""BNT032"",""price"":750,""weight"":"""",""cake_type"":""eggless"",""is_in_stock"":true,""image_url"":""https://cakesquare.com/wp-content/uploads/2026/04/Cake-for-our-queen.jpg""},{""variation_id"":319962,""sku"":""BNT032"",""price"":500,""weight"":"""",""cake_type"":""egg"",""is_in_stock"":true,""image_url"":""https://cakesquare.com/wp-content/uploads/2026/04/Cake-for-our-queen.jpg""},{""variation_id"":319963,""sku"":""BNT032"",""price"":550,""weight"":"""",""cake_type"":""eggless"",""is_in_stock"":true,""image_url"":""https://cakesquare.com/wp-content/uploads/2026/04/Cake-for-our-queen.jpg""},{""variation_id"":319964,""sku"":""BNT032"",""price"":500,""weight"":"""",""cake_type"":""egg"",""is_in_stock"":true,""image_url"":""https://cakesquare.com/wp-content/uploads/2026/04/Cake-for-our-queen.jpg""},{""variation_id"":319965,""sku"":""BNT032"",""price"":550,""weight"":"""",""cake_type"":""eggless"",""is_in_stock"":true,""image_url"":""https://cakesquare.com/wp-content/uploads/2026/04/Cake-for-our-queen.jpg""},{""variation_id"":319966,""sku"":""BNT032"",""price"":500,""weight"":"""",""cake_type"":""egg"",""is_in_stock"":true,""image_url"":""https://cakesquare.com/wp-content/uploads/2026/04/Cake-for-our-queen.jpg""},{""variation_id"":319967,""sku"":""BNT032"",""price"":550,""weight"":"""",""cake_type"":""eggless"",""is_in_stock"":true,""image_url"":""https://cakesquare.com/wp-content/uploads/2026/04/Cake-for-our-queen.jpg""},{""variation_id"":319968,""sku"":""BNT032"",""price"":600,""weight"":"""",""cake_type"":""egg"",""is_in_stock"":true,""image_url"":""https://cakesquare.com/wp-content/uploads/2026/04/Cake-for-our-queen.jpg""},{""variation_id"":319969,""sku"":""BNT032"",""price"":650,""weight"":"""",""cake_type"":""eggless"",""is_in_stock"":true,""image_url"":""https://cakesquare.com/wp-content/uploads/2026/04/Cake-for-our-queen.jpg""}]"
"319970","BNT031","My Best Mom Bento cake","500","Bento Cakes","instock","","egg, eggless","Order the best custom Best mom bento cake for mom with a text of my best mom bento cake in Chennai. Personalised, aesthetic mini cakes with same-day delivery. Perfect for Mother’s Day & birthdays. Best mommy bento cake Chennai, custom bento cake for mom, Mother’s Day cake Chennai, mini cake for mom, personalised cake Chennai, bento cake delivery Chennai, aesthetic cakes Chennai, customised cakes for mom India,","https://cakesquare.com/product/my-best-mom/","https://cakesquare.com/wp-content/uploads/2026/04/Mothers-day-cake.jpg","Delicious round cake with ""My Best Mom"" message, perfect for Chennai celebrations. my best mom,","10","[{""variation_id"":319971,""sku"":""BNT031"",""price"":700,""weight"":"""",""cake_type"":""egg"",""is_in_stock"":true,""image_url"":""https://cakesquare.com/wp-content/uploads/2026/04/Mothers-day-cake.jpg""},{""variation_id"":319972,""sku"":""BNT031"",""price"":750,""weight"":"""",""cake_type"":""eggless"",""is_in_stock"":true,""image_url"":""https://cakesquare.com/wp-content/uploads/2026/04/Mothers-day-cake.jpg""},{""variation_id"":319973,""sku"":""BNT031"",""price"":500,""weight"":"""",""cake_type"":""egg"",""is_in_stock"":true,""image_url"":""https://cakesquare.com/wp-content/uploads/2026/04/Mothers-day-cake.jpg""},{""variation_id"":319974,""sku"":""BNT031"",""price"":550,""weight"":"""",""cake_type"":""eggless"",""is_in_stock"":true,""image_url"":""https://cakesquare.com/wp-content/uploads/2026/04/Mothers-day-cake.jpg""},{""variation_id"":319975,""sku"":""BNT031"",""price"":500,""weight"":"""",""cake_type"":""egg"",""is_in_stock"":true,""image_url"":""https://cakesquare.com/wp-content/uploads/2026/04/Mothers-day-cake.jpg""},{""variation_id"":319976,""sku"":""BNT031"",""price"":550,""weight"":"""",""cake_type"":""eggless"",""is_in_stock"":true,""image_url"":""https://cakesquare.com/wp-content/uploads/2026/04/Mothers-day-cake.jpg""},{""variation_id"":319977,""sku"":""BNT031"",""price"":500,""weight"":"""",""cake_type"":""egg"",""is_in_stock"":true,""image_url"":""https://cakesquare.com/wp-content/uploads/2026/04/Mothers-day-cake.jpg""},{""variation_id"":319978,""sku"":""BNT031"",""price"":550,""weight"":"""",""cake_type"":""eggless"",""is_in_stock"":true,""image_url"":""https://cakesquare.com/wp-content/uploads/2026/04/Mothers-day-cake.jpg""},{""variation_id"":319979,""sku"":""BNT031"",""price"":600,""weight"":"""",""cake_type"":""egg"",""is_in_stock"":true,""image_url"":""https://cakesquare.com/wp-content/uploads/2026/04/Mothers-day-cake.jpg""},{""variation_id"":319980,""sku"":""BNT031"",""price"":650,""weight"":"""",""cake_type"":""eggless"",""is_in_stock"":true,""image_url"":""https://cakesquare.com/wp-content/uploads/2026/04/Mothers-day-cake.jpg""}]"
"321188","BNTO33","Funny Bento cake for Husband","500","Bento Cakes","instock","","egg, eggless","happy birthday bento cake, birthday bento cake, korean bento cake, Funny bento cake, funny birthday bento cake, Funny bento cake for husband, husband birthday cake, birthday cake for husband, cake for him, husband themed cake, husband funny cake, washroom lover husband cake, funny husband birthday cake, personalised bento cake, custom bento cake, mini birthday cake, cute birthday cake, trending bento cake, korean cake chennai, best bento cakes in chennai, bento cake delivery chennai, same day bento cake delivery chennai, birthday cake delivery chennai, customized birthday cake chennai, funny cake for boyfriend, funny cake for husband, minimalist birthday cake, korean birthday cake, small birthday cake, cake square, cake square bento cake, premium bento cake chennai, best birthday cake in chennai, birthday surprise cake, instagram bento cake, viral bento cake, personalized cake for him, unique birthday cake chennai, custom birthday cake delivery chennai","https://cakesquare.com/product/funny-bento-cake-for-husband/","https://cakesquare.com/wp-content/uploads/2026/06/Funny-Bento-Cake-for-Birthday.png","HBD my king cake with crown, Chennai birthday celebration, pink fondant., Funny Bento cake for Husband, bento cake for him, mini cakes, premium bento cake","10","[{""variation_id"":321189,""sku"":""BNTO33"",""price"":700,""weight"":"""",""cake_type"":""egg"",""is_in_stock"":true,""image_url"":""https://cakesquare.com/wp-content/uploads/2026/06/Funny-Bento-Cake-for-Birthday.png""},{""variation_id"":321190,""sku"":""BNTO33"",""price"":750,""weight"":"""",""cake_type"":""eggless"",""is_in_stock"":true,""image_url"":""https://cakesquare.com/wp-content/uploads/2026/06/Funny-Bento-Cake-for-Birthday.png""},{""variation_id"":321191,""sku"":""BNTO33"",""price"":500,""weight"":"""",""cake_type"":""egg"",""is_in_stock"":true,""image_url"":""https://cakesquare.com/wp-content/uploads/2026/06/Funny-Bento-Cake-for-Birthday.png""},{""variation_id"":321192,""sku"":""BNTO33"",""price"":550,""weight"":"""",""cake_type"":""eggless"",""is_in_stock"":true,""image_url"":""https://cakesquare.com/wp-content/uploads/2026/06/Funny-Bento-Cake-for-Birthday.png""},{""variation_id"":321193,""sku"":""BNTO33"",""price"":500,""weight"":"""",""cake_type"":""egg"",""is_in_stock"":true,""image_url"":""https://cakesquare.com/wp-content/uploads/2026/06/Funny-Bento-Cake-for-Birthday.png""},{""variation_id"":321194,""sku"":""BNTO33"",""price"":550,""weight"":"""",""cake_type"":""eggless"",""is_in_stock"":true,""image_url"":""https://cakesquare.com/wp-content/uploads/2026/06/Funny-Bento-Cake-for-Birthday.png""},{""variation_id"":321195,""sku"":""BNTO33"",""price"":500,""weight"":"""",""cake_type"":""egg"",""is_in_stock"":true,""image_url"":""https://cakesquare.com/wp-content/uploads/2026/06/Funny-Bento-Cake-for-Birthday.png""},{""variation_id"":321196,""sku"":""BNTO33"",""price"":550,""weight"":"""",""cake_type"":""eggless"",""is_in_stock"":true,""image_url"":""https://cakesquare.com/wp-content/uploads/2026/06/Funny-Bento-Cake-for-Birthday.png""},{""variation_id"":321197,""sku"":""BNTO33"",""price"":600,""weight"":"""",""cake_type"":""egg"",""is_in_stock"":true,""image_url"":""https://cakesquare.com/wp-content/uploads/2026/06/Funny-Bento-Cake-for-Birthday.png""},{""variation_id"":321198,""sku"":""BNTO33"",""price"":650,""weight"":"""",""cake_type"":""eggless"",""is_in_stock"":true,""image_url"":""https://cakesquare.com/wp-content/uploads/2026/06/Funny-Bento-Cake-for-Birthday.png""}]"
"321360","BNTO34","Aesthetic Birthday bento cake","500","Bento Cakes","instock","","egg, eggless","aesthetic birthday bento cake, aesthetic bento cake, birthday bento cake, korean bento cake, minimalist bento cake, cute bento cake, personalized bento cake, custom bento cake, korean cake chennai, aesthetic cake chennai, mini birthday cake, trendy bento cake, instagram bento cake, birthday cake for her, birthday cake for him, aesthetic birthday cake, cute birthday cake, bento cake delivery chennai, same day bento cake delivery chennai, customized birthday cake chennai, premium bento cake, best bento cakes in chennai, best aesthetic cakes in chennai, cake square, cake square bento cake, birthday surprise cake, korean minimalist cake, elegant birthday cake, custom birthday cake chennai, aesthetic cake delivery chennai","https://cakesquare.com/product/aesthetic-birthday-bento-cake/","https://cakesquare.com/wp-content/uploads/2026/06/Aesthetic-Birthday-bento-cake.png","A colourful birthday cake in a white box with ""happy birthday"" decoration, Chennai. aesthetic birthday bento cake, aesthetic bento cake, birthday bento cake, korean bento cake, minimalist bento cake, cute bento cake, personalized bento cake, custom bento cake, korean cake chennai, aesthetic cake chennai, mini birthday cake, trendy bento cake, instagram bento cake, birthday cake for her, birthday cake for him, aesthetic birthday cake, cute birthday cake, bento cake delivery chennai, same day bento cake delivery chennai, customized birthday cake chennai, premium bento cake, best bento cakes in chennai, best aesthetic cakes in chennai, cake square, cake square bento cake, birthday surprise cake, korean minimalist cake, elegant birthday cake, custom birthday cake chennai, aesthetic cake delivery chennai","10","[{""variation_id"":321361,""sku"":""BNTO34"",""price"":700,""weight"":"""",""cake_type"":""egg"",""is_in_stock"":true,""image_url"":""https://cakesquare.com/wp-content/uploads/2026/06/Aesthetic-Birthday-bento-cake.png""},{""variation_id"":321362,""sku"":""BNTO34"",""price"":750,""weight"":"""",""cake_type"":""eggless"",""is_in_stock"":true,""image_url"":""https://cakesquare.com/wp-content/uploads/2026/06/Aesthetic-Birthday-bento-cake.png""},{""variation_id"":321363,""sku"":""BNTO34"",""price"":500,""weight"":"""",""cake_type"":""egg"",""is_in_stock"":true,""image_url"":""https://cakesquare.com/wp-content/uploads/2026/06/Aesthetic-Birthday-bento-cake.png""},{""variation_id"":321364,""sku"":""BNTO34"",""price"":550,""weight"":"""",""cake_type"":""eggless"",""is_in_stock"":true,""image_url"":""https://cakesquare.com/wp-content/uploads/2026/06/Aesthetic-Birthday-bento-cake.png""},{""variation_id"":321365,""sku"":""BNTO34"",""price"":500,""weight"":"""",""cake_type"":""egg"",""is_in_stock"":true,""image_url"":""https://cakesquare.com/wp-content/uploads/2026/06/Aesthetic-Birthday-bento-cake.png""},{""variation_id"":321366,""sku"":""BNTO34"",""price"":550,""weight"":"""",""cake_type"":""eggless"",""is_in_stock"":true,""image_url"":""https://cakesquare.com/wp-content/uploads/2026/06/Aesthetic-Birthday-bento-cake.png""},{""variation_id"":321367,""sku"":""BNTO34"",""price"":500,""weight"":"""",""cake_type"":""egg"",""is_in_stock"":true,""image_url"":""https://cakesquare.com/wp-content/uploads/2026/06/Aesthetic-Birthday-bento-cake.png""},{""variation_id"":321368,""sku"":""BNTO34"",""price"":550,""weight"":"""",""cake_type"":""eggless"",""is_in_stock"":true,""image_url"":""https://cakesquare.com/wp-content/uploads/2026/06/Aesthetic-Birthday-bento-cake.png""},{""variation_id"":321369,""sku"":""BNTO34"",""price"":600,""weight"":"""",""cake_type"":""egg"",""is_in_stock"":true,""image_url"":""https://cakesquare.com/wp-content/uploads/2026/06/Aesthetic-Birthday-bento-cake.png""},{""variation_id"":321370,""sku"":""BNTO34"",""price"":650,""weight"":"""",""cake_type"":""eggless"",""is_in_stock"":true,""image_url"":""https://cakesquare.com/wp-content/uploads/2026/06/Aesthetic-Birthday-bento-cake.png""}]"
"321371","BNTO35","Cute Couple Bento Cake","500","Bento Cakes","instock","","egg, eggless","cute couple bento cake, couple bento cake, romantic bento cake, love bento cake, korean couple cake, cute cake for couples, anniversary bento cake, birthday bento cake for girlfriend, birthday bento cake for boyfriend, cake for husband, cake for wife, cute anniversary cake, personalized couple cake, custom bento cake, mini couple cake, aesthetic bento cake, korean cake chennai, bento cake delivery chennai, same day bento cake delivery chennai, couple cake chennai, romantic cake chennai, best bento cakes in chennai, best couple bento cakes in chennai, customized cake chennai, instagram bento cake, cute korean cake, cake square, cake square bento cake, premium bento cake chennai, couple surprise cake, valentine bento cake, date night cake, love theme cake, bento cakes in chennai, cute couples bento cakes in chennai, customised bento cakes in chennai","https://cakesquare.com/product/cute-couple-bento-cake/","https://cakesquare.com/wp-content/uploads/2026/06/Cute-couple-love-bento-cake.png","Cute cartoon girl cake with heart, birthday celebration, Chennai.cute couple bento cake, couple bento cake, romantic bento cake, love bento cake, korean couple cake, cute cake for couples, anniversary bento cake, birthday bento cake for girlfriend, birthday bento cake for boyfriend, cake for husband, cake for wife, cute anniversary cake, personalized couple cake, custom bento cake, mini couple cake, aesthetic bento cake, korean cake chennai, bento cake delivery chennai, same day bento cake delivery chennai, couple cake chennai, romantic cake chennai, best bento cakes in chennai, best couple bento cakes in chennai, customized cake chennai, instagram bento cake, cute korean cake, cake square, cake square bento cake, premium bento cake chennai, couple surprise cake, valentine bento cake, date night cake, love theme cake","10","[{""variation_id"":321372,""sku"":""BNTO35"",""price"":700,""weight"":"""",""cake_type"":""egg"",""is_in_stock"":true,""image_url"":""https://cakesquare.com/wp-content/uploads/2026/06/Cute-couple-love-bento-cake.png""},{""variation_id"":321373,""sku"":""BNTO35"",""price"":750,""weight"":"""",""cake_type"":""eggless"",""is_in_stock"":true,""image_url"":""https://cakesquare.com/wp-content/uploads/2026/06/Cute-couple-love-bento-cake.png""},{""variation_id"":321374,""sku"":""BNTO35"",""price"":500,""weight"":"""",""cake_type"":""egg"",""is_in_stock"":true,""image_url"":""https://cakesquare.com/wp-content/uploads/2026/06/Cute-couple-love-bento-cake.png""},{""variation_id"":321375,""sku"":""BNTO35"",""price"":550,""weight"":"""",""cake_type"":""eggless"",""is_in_stock"":true,""image_url"":""https://cakesquare.com/wp-content/uploads/2026/06/Cute-couple-love-bento-cake.png""},{""variation_id"":321376,""sku"":""BNTO35"",""price"":500,""weight"":"""",""cake_type"":""egg"",""is_in_stock"":true,""image_url"":""https://cakesquare.com/wp-content/uploads/2026/06/Cute-couple-love-bento-cake.png""},{""variation_id"":321377,""sku"":""BNTO35"",""price"":550,""weight"":"""",""cake_type"":""eggless"",""is_in_stock"":true,""image_url"":""https://cakesquare.com/wp-content/uploads/2026/06/Cute-couple-love-bento-cake.png""},{""variation_id"":321378,""sku"":""BNTO35"",""price"":500,""weight"":"""",""cake_type"":""egg"",""is_in_stock"":true,""image_url"":""https://cakesquare.com/wp-content/uploads/2026/06/Cute-couple-love-bento-cake.png""},{""variation_id"":321379,""sku"":""BNTO35"",""price"":550,""weight"":"""",""cake_type"":""eggless"",""is_in_stock"":true,""image_url"":""https://cakesquare.com/wp-content/uploads/2026/06/Cute-couple-love-bento-cake.png""},{""variation_id"":321380,""sku"":""BNTO35"",""price"":600,""weight"":"""",""cake_type"":""egg"",""is_in_stock"":true,""image_url"":""https://cakesquare.com/wp-content/uploads/2026/06/Cute-couple-love-bento-cake.png""},{""variation_id"":321381,""sku"":""BNTO35"",""price"":650,""weight"":"""",""cake_type"":""eggless"",""is_in_stock"":true,""image_url"":""https://cakesquare.com/wp-content/uploads/2026/06/Cute-couple-love-bento-cake.png""}]"
"321382","BNTO36","Birthday bento cake","500","Bento Cakes","instock","","egg, eggless","birthday bento cake, happy birthday bento cake, korean birthday bento cake, korean bento cake, personalized birthday bento cake, custom bento cake, mini birthday cake, cute birthday cake, aesthetic birthday cake, minimalist birthday cake, trendy bento cake, instagram bento cake, birthday cake for him, birthday cake for her, cake for husband, cake for wife, birthday cake for boyfriend, birthday cake for girlfriend, customized birthday cake chennai, bento cake delivery chennai, same day bento cake delivery chennai, birthday cake delivery chennai, korean cake chennai, premium bento cake chennai, best bento cakes in chennai, best birthday cake in chennai, customized cake chennai, cake square, cake square bento cake, birthday surprise cake, small birthday cake, cute korean cake, personalised cake chennai, bento cake with ribbons","https://cakesquare.com/product/birthday-bento-cake/","https://cakesquare.com/wp-content/uploads/2026/06/Happy-Birthday-bento-cake.png","Chocolate birthday cake with black ribbons in a box, Chennai celebration. birthday bento cake, happy birthday bento cake, korean birthday bento cake, korean bento cake, personalized birthday bento cake, custom bento cake, mini birthday cake, cute birthday cake, aesthetic birthday cake, minimalist birthday cake, trendy bento cake, instagram bento cake, birthday cake for him, birthday cake for her, cake for husband, cake for wife, birthday cake for boyfriend, birthday cake for girlfriend, customized birthday cake chennai, bento cake delivery chennai, same day bento cake delivery chennai, birthday cake delivery chennai, korean cake chennai, premium bento cake chennai, best bento cakes in chennai, best birthday cake in chennai, customized cake chennai, cake square, cake square bento cake, birthday surprise cake, small birthday cake, cute korean cake, personalised cake chennai, birthday bento cakes with cute ribbon","10","[{""variation_id"":321383,""sku"":""BNTO36"",""price"":700,""weight"":"""",""cake_type"":""egg"",""is_in_stock"":true,""image_url"":""https://cakesquare.com/wp-content/uploads/2026/06/Happy-Birthday-bento-cake.png""},{""variation_id"":321384,""sku"":""BNTO36"",""price"":750,""weight"":"""",""cake_type"":""eggless"",""is_in_stock"":true,""image_url"":""https://cakesquare.com/wp-content/uploads/2026/06/Happy-Birthday-bento-cake.png""},{""variation_id"":321385,""sku"":""BNTO36"",""price"":500,""weight"":"""",""cake_type"":""egg"",""is_in_stock"":true,""image_url"":""https://cakesquare.com/wp-content/uploads/2026/06/Happy-Birthday-bento-cake.png""},{""variation_id"":321386,""sku"":""BNTO36"",""price"":550,""weight"":"""",""cake_type"":""eggless"",""is_in_stock"":true,""image_url"":""https://cakesquare.com/wp-content/uploads/2026/06/Happy-Birthday-bento-cake.png""},{""variation_id"":321387,""sku"":""BNTO36"",""price"":500,""weight"":"""",""cake_type"":""egg"",""is_in_stock"":true,""image_url"":""https://cakesquare.com/wp-content/uploads/2026/06/Happy-Birthday-bento-cake.png""},{""variation_id"":321388,""sku"":""BNTO36"",""price"":550,""weight"":"""",""cake_type"":""eggless"",""is_in_stock"":true,""image_url"":""https://cakesquare.com/wp-content/uploads/2026/06/Happy-Birthday-bento-cake.png""},{""variation_id"":321389,""sku"":""BNTO36"",""price"":500,""weight"":"""",""cake_type"":""egg"",""is_in_stock"":true,""image_url"":""https://cakesquare.com/wp-content/uploads/2026/06/Happy-Birthday-bento-cake.png""},{""variation_id"":321390,""sku"":""BNTO36"",""price"":550,""weight"":"""",""cake_type"":""eggless"",""is_in_stock"":true,""image_url"":""https://cakesquare.com/wp-content/uploads/2026/06/Happy-Birthday-bento-cake.png""},{""variation_id"":321391,""sku"":""BNTO36"",""price"":600,""weight"":"""",""cake_type"":""egg"",""is_in_stock"":true,""image_url"":""https://cakesquare.com/wp-content/uploads/2026/06/Happy-Birthday-bento-cake.png""},{""variation_id"":321392,""sku"":""BNTO36"",""price"":650,""weight"":"""",""cake_type"":""eggless"",""is_in_stock"":true,""image_url"":""https://cakesquare.com/wp-content/uploads/2026/06/Happy-Birthday-bento-cake.png""}]"
"321394","BNTO37","Bite cartoon theme Bento cake","500","Bento Cakes","instock","","egg, eggless","love bento cake, cute love bento cake, romantic bento cake, couple bento cake, korean bento cake, anniversary bento cake, valentine bento cake, birthday bento cake for girlfriend, birthday bento cake for boyfriend, cake for husband, cake for wife, romantic cake for couples, personalized love cake, custom bento cake, mini love cake, aesthetic bento cake, cute couple cake, korean cake chennai, love cake delivery chennai, same day bento cake delivery chennai, anniversary cake chennai, romantic cake chennai, best bento cakes in chennai, best love bento cake in chennai, customized cake chennai, cake square, cake square bento cake, premium bento cake chennai, cute korean cake, couple birthday cake, surprise cake for girlfriend, surprise cake for boyfriend","https://cakesquare.com/product/bite-cartoon-theme-bento-cake-cakesquare-chennai/","https://cakesquare.com/wp-content/uploads/2026/06/Cute-Happy-Birthday-bento-cake.png","Happy Birthday cake with cartoon characters, Chennai celebration. cudding bento cake, love bento cake, cute love bento cake, romantic bento cake, couple bento cake, korean bento cake, anniversary bento cake, valentine bento cake, birthday bento cake for girlfriend, birthday bento cake for boyfriend, cake for husband, cake for wife, romantic cake for couples, personalized love cake, custom bento cake, mini love cake, aesthetic bento cake, cute couple cake, korean cake chennai, love cake delivery chennai, same day bento cake delivery chennai, anniversary cake chennai, romantic cake chennai, best bento cakes in chennai, best love bento cake in chennai, customized cake chennai, cake square, cake square bento cake, premium bento cake chennai, cute korean cake, couple birthday cake, surprise cake for girlfriend, surprise cake for boyfriend, Bite cartoon theme Bento cake, cake square chennai, cake square, customised bento cakes","10","[{""variation_id"":321395,""sku"":""BNTO37"",""price"":700,""weight"":"""",""cake_type"":""egg"",""is_in_stock"":true,""image_url"":""https://cakesquare.com/wp-content/uploads/2026/06/Cute-Happy-Birthday-bento-cake.png""},{""variation_id"":321396,""sku"":""BNTO37"",""price"":750,""weight"":"""",""cake_type"":""eggless"",""is_in_stock"":true,""image_url"":""https://cakesquare.com/wp-content/uploads/2026/06/Cute-Happy-Birthday-bento-cake.png""},{""variation_id"":321397,""sku"":""BNTO37"",""price"":500,""weight"":"""",""cake_type"":""egg"",""is_in_stock"":true,""image_url"":""https://cakesquare.com/wp-content/uploads/2026/06/Cute-Happy-Birthday-bento-cake.png""},{""variation_id"":321398,""sku"":""BNTO37"",""price"":550,""weight"":"""",""cake_type"":""eggless"",""is_in_stock"":true,""image_url"":""https://cakesquare.com/wp-content/uploads/2026/06/Cute-Happy-Birthday-bento-cake.png""},{""variation_id"":321399,""sku"":""BNTO37"",""price"":500,""weight"":"""",""cake_type"":""egg"",""is_in_stock"":true,""image_url"":""https://cakesquare.com/wp-content/uploads/2026/06/Cute-Happy-Birthday-bento-cake.png""},{""variation_id"":321400,""sku"":""BNTO37"",""price"":550,""weight"":"""",""cake_type"":""eggless"",""is_in_stock"":true,""image_url"":""https://cakesquare.com/wp-content/uploads/2026/06/Cute-Happy-Birthday-bento-cake.png""},{""variation_id"":321401,""sku"":""BNTO37"",""price"":500,""weight"":"""",""cake_type"":""egg"",""is_in_stock"":true,""image_url"":""https://cakesquare.com/wp-content/uploads/2026/06/Cute-Happy-Birthday-bento-cake.png""},{""variation_id"":321402,""sku"":""BNTO37"",""price"":550,""weight"":"""",""cake_type"":""eggless"",""is_in_stock"":true,""image_url"":""https://cakesquare.com/wp-content/uploads/2026/06/Cute-Happy-Birthday-bento-cake.png""},{""variation_id"":321403,""sku"":""BNTO37"",""price"":600,""weight"":"""",""cake_type"":""egg"",""is_in_stock"":true,""image_url"":""https://cakesquare.com/wp-content/uploads/2026/06/Cute-Happy-Birthday-bento-cake.png""},{""variation_id"":321404,""sku"":""BNTO37"",""price"":650,""weight"":"""",""cake_type"":""eggless"",""is_in_stock"":true,""image_url"":""https://cakesquare.com/wp-content/uploads/2026/06/Cute-Happy-Birthday-bento-cake.png""}]"
"321692","BNTO38","Best Dad Bento Cake","500","Bento Cakes","instock","","egg, eggless","best dad bento cake, father's day bento cake, fathers day cake, dad bento cake, cake for dad, best dad cake, father's day cake delivery chennai, customized father's day cake, korean bento cake, happy fathers day cake, dad birthday cake, cake for father, fathers day gift cake, mini fathers day cake, personalized dad cake, cute fathers day cake, aesthetic fathers day cake, bento cake delivery chennai, same day cake delivery chennai, best fathers day cakes in chennai, customized cake chennai, cake square, cake square fathers day cake, premium bento cake chennai, fathers day special cake, fathers day surprise cake, korean cake chennai, cake square","https://cakesquare.com/product/best-dad-bento-cake/","https://cakesquare.com/wp-content/uploads/2026/06/Best-dad-cake.png","Bite cartoon theme Bento cake for Father's Day in Chennai.","10","[{""variation_id"":321693,""sku"":""BNTO38"",""price"":700,""weight"":"""",""cake_type"":""egg"",""is_in_stock"":true,""image_url"":""https://cakesquare.com/wp-content/uploads/2026/06/Best-dad-cake.png""},{""variation_id"":321694,""sku"":""BNTO38"",""price"":750,""weight"":"""",""cake_type"":""eggless"",""is_in_stock"":true,""image_url"":""https://cakesquare.com/wp-content/uploads/2026/06/Best-dad-cake.png""},{""variation_id"":321695,""sku"":""BNTO38"",""price"":500,""weight"":"""",""cake_type"":""egg"",""is_in_stock"":true,""image_url"":""https://cakesquare.com/wp-content/uploads/2026/06/Best-dad-cake.png""},{""variation_id"":321696,""sku"":""BNTO38"",""price"":550,""weight"":"""",""cake_type"":""eggless"",""is_in_stock"":true,""image_url"":""https://cakesquare.com/wp-content/uploads/2026/06/Best-dad-cake.png""},{""variation_id"":321697,""sku"":""BNTO38"",""price"":500,""weight"":"""",""cake_type"":""egg"",""is_in_stock"":true,""image_url"":""https://cakesquare.com/wp-content/uploads/2026/06/Best-dad-cake.png""},{""variation_id"":321698,""sku"":""BNTO38"",""price"":550,""weight"":"""",""cake_type"":""eggless"",""is_in_stock"":true,""image_url"":""https://cakesquare.com/wp-content/uploads/2026/06/Best-dad-cake.png""},{""variation_id"":321699,""sku"":""BNTO38"",""price"":500,""weight"":"""",""cake_type"":""egg"",""is_in_stock"":true,""image_url"":""https://cakesquare.com/wp-content/uploads/2026/06/Best-dad-cake.png""},{""variation_id"":321700,""sku"":""BNTO38"",""price"":550,""weight"":"""",""cake_type"":""eggless"",""is_in_stock"":true,""image_url"":""https://cakesquare.com/wp-content/uploads/2026/06/Best-dad-cake.png""},{""variation_id"":321701,""sku"":""BNTO38"",""price"":600,""weight"":"""",""cake_type"":""egg"",""is_in_stock"":true,""image_url"":""https://cakesquare.com/wp-content/uploads/2026/06/Best-dad-cake.png""},{""variation_id"":321702,""sku"":""BNTO38"",""price"":650,""weight"":"""",""cake_type"":""eggless"",""is_in_stock"":true,""image_url"":""https://cakesquare.com/wp-content/uploads/2026/06/Best-dad-cake.png""}]"
"321709","BNTO39","Happy Fathers day Bento cake","500","Bento Cakes","instock","","egg, eggless","happy fathers day bento cake, father's day bento cake, fathers day cake, dad bento cake, cake for dad, fathers day special cake, happy fathers day cake, best dad cake, personalized fathers day cake, customized cake for dad, fathers day cake delivery chennai, korean bento cake, fathers day gift cake, dad birthday cake, cake for father, mini fathers day cake, cute fathers day cake, aesthetic fathers day cake, bento cake delivery chennai, same day cake delivery chennai, best fathers day cakes in chennai, customized cake chennai, cake square, cake square fathers day cake, premium bento cake chennai, fathers day surprise cake, korean cake chennai, best dad ever cake","https://cakesquare.com/product/happy-fathers-day-bento-cake/","https://cakesquare.com/wp-content/uploads/2026/06/Happy-fathers-day-bento-cake.png","Blue Father's Day cake in a white box with heart and arrow decorations in Chennai. happy fathers day bento cake, father's day bento cake, fathers day cake, dad bento cake, cake for dad, fathers day special cake, happy fathers day cake, best dad cake, personalized fathers day cake, customized cake for dad, fathers day cake delivery chennai, korean bento cake, fathers day gift cake, dad birthday cake, cake for father, mini fathers day cake, cute fathers day cake, aesthetic fathers day cake, bento cake delivery chennai, same day cake delivery chennai, best fathers day cakes in chennai, customized cake chennai, cake square, cake square fathers day cake, premium bento cake chennai, fathers day surprise cake, korean cake chennai, best dad ever cake","10","[{""variation_id"":321710,""sku"":""BNTO39"",""price"":700,""weight"":"""",""cake_type"":""egg"",""is_in_stock"":true,""image_url"":""https://cakesquare.com/wp-content/uploads/2026/06/Happy-fathers-day-bento-cake.png""},{""variation_id"":321711,""sku"":""BNTO39"",""price"":750,""weight"":"""",""cake_type"":""eggless"",""is_in_stock"":true,""image_url"":""https://cakesquare.com/wp-content/uploads/2026/06/Happy-fathers-day-bento-cake.png""},{""variation_id"":321712,""sku"":""BNTO39"",""price"":500,""weight"":"""",""cake_type"":""egg"",""is_in_stock"":true,""image_url"":""https://cakesquare.com/wp-content/uploads/2026/06/Happy-fathers-day-bento-cake.png""},{""variation_id"":321713,""sku"":""BNTO39"",""price"":550,""weight"":"""",""cake_type"":""eggless"",""is_in_stock"":true,""image_url"":""https://cakesquare.com/wp-content/uploads/2026/06/Happy-fathers-day-bento-cake.png""},{""variation_id"":321714,""sku"":""BNTO39"",""price"":500,""weight"":"""",""cake_type"":""egg"",""is_in_stock"":true,""image_url"":""https://cakesquare.com/wp-content/uploads/2026/06/Happy-fathers-day-bento-cake.png""},{""variation_id"":321715,""sku"":""BNTO39"",""price"":550,""weight"":"""",""cake_type"":""eggless"",""is_in_stock"":true,""image_url"":""https://cakesquare.com/wp-content/uploads/2026/06/Happy-fathers-day-bento-cake.png""},{""variation_id"":321716,""sku"":""BNTO39"",""price"":500,""weight"":"""",""cake_type"":""egg"",""is_in_stock"":true,""image_url"":""https://cakesquare.com/wp-content/uploads/2026/06/Happy-fathers-day-bento-cake.png""},{""variation_id"":321717,""sku"":""BNTO39"",""price"":550,""weight"":"""",""cake_type"":""eggless"",""is_in_stock"":true,""image_url"":""https://cakesquare.com/wp-content/uploads/2026/06/Happy-fathers-day-bento-cake.png""},{""variation_id"":321718,""sku"":""BNTO39"",""price"":600,""weight"":"""",""cake_type"":""egg"",""is_in_stock"":true,""image_url"":""https://cakesquare.com/wp-content/uploads/2026/06/Happy-fathers-day-bento-cake.png""},{""variation_id"":321719,""sku"":""BNTO39"",""price"":650,""weight"":"""",""cake_type"":""eggless"",""is_in_stock"":true,""image_url"":""https://cakesquare.com/wp-content/uploads/2026/06/Happy-fathers-day-bento-cake.png""}]"
"321720","BNTO40","My Dad My Hero Bento cake","500","Bento Cakes","instock","","egg, eggless","my dad my hero bento cake, father's day bento cake, dad hero cake, cake for dad, my dad my hero cake, fathers day cake, best dad bento cake, personalized fathers day cake, customized cake for dad, fathers day cake delivery chennai, korean bento cake, fathers day gift cake, dad birthday cake, cake for father, mini fathers day cake, cute fathers day cake, aesthetic fathers day cake, bento cake delivery chennai, same day cake delivery chennai, best fathers day cakes in chennai, customized cake chennai, cake square, cake square fathers day cake, premium bento cake chennai, fathers day surprise cake, korean cake chennai, best dad ever cake, superhero dad cake","https://cakesquare.com/product/my-dad-my-hero-bento-cake/","https://cakesquare.com/wp-content/uploads/2026/06/My-hero-Bento-cake.png","Bento cake with 'Dad you're my Hero' message in Chennai. my dad my hero bento cake, father's day bento cake, dad hero cake, cake for dad, my dad my hero cake, fathers day cake, best dad bento cake, personalized fathers day cake, customized cake for dad, fathers day cake delivery chennai, korean bento cake, fathers day gift cake, dad birthday cake, cake for father, mini fathers day cake, cute fathers day cake, aesthetic fathers day cake, bento cake delivery chennai, same day cake delivery chennai, best fathers day cakes in chennai, customized cake chennai, cake square, cake square fathers day cake, premium bento cake chennai, fathers day surprise cake, korean cake chennai, best dad ever cake, superhero dad cake","10","[{""variation_id"":321721,""sku"":""BNTO40"",""price"":700,""weight"":"""",""cake_type"":""egg"",""is_in_stock"":true,""image_url"":""https://cakesquare.com/wp-content/uploads/2026/06/My-hero-Bento-cake.png""},{""variation_id"":321722,""sku"":""BNTO40"",""price"":750,""weight"":"""",""cake_type"":""eggless"",""is_in_stock"":true,""image_url"":""https://cakesquare.com/wp-content/uploads/2026/06/My-hero-Bento-cake.png""},{""variation_id"":321723,""sku"":""BNTO40"",""price"":500,""weight"":"""",""cake_type"":""egg"",""is_in_stock"":true,""image_url"":""https://cakesquare.com/wp-content/uploads/2026/06/My-hero-Bento-cake.png""},{""variation_id"":321724,""sku"":""BNTO40"",""price"":550,""weight"":"""",""cake_type"":""eggless"",""is_in_stock"":true,""image_url"":""https://cakesquare.com/wp-content/uploads/2026/06/My-hero-Bento-cake.png""},{""variation_id"":321725,""sku"":""BNTO40"",""price"":500,""weight"":"""",""cake_type"":""egg"",""is_in_stock"":true,""image_url"":""https://cakesquare.com/wp-content/uploads/2026/06/My-hero-Bento-cake.png""},{""variation_id"":321726,""sku"":""BNTO40"",""price"":550,""weight"":"""",""cake_type"":""eggless"",""is_in_stock"":true,""image_url"":""https://cakesquare.com/wp-content/uploads/2026/06/My-hero-Bento-cake.png""},{""variation_id"":321727,""sku"":""BNTO40"",""price"":500,""weight"":"""",""cake_type"":""egg"",""is_in_stock"":true,""image_url"":""https://cakesquare.com/wp-content/uploads/2026/06/My-hero-Bento-cake.png""},{""variation_id"":321728,""sku"":""BNTO40"",""price"":550,""weight"":"""",""cake_type"":""eggless"",""is_in_stock"":true,""image_url"":""https://cakesquare.com/wp-content/uploads/2026/06/My-hero-Bento-cake.png""},{""variation_id"":321729,""sku"":""BNTO40"",""price"":600,""weight"":"""",""cake_type"":""egg"",""is_in_stock"":true,""image_url"":""https://cakesquare.com/wp-content/uploads/2026/06/My-hero-Bento-cake.png""},{""variation_id"":321730,""sku"":""BNTO40"",""price"":650,""weight"":"""",""cake_type"":""eggless"",""is_in_stock"":true,""image_url"":""https://cakesquare.com/wp-content/uploads/2026/06/My-hero-Bento-cake.png""}]"
"321731","BNTO41","Dad Tic Tac Toe Bento Cake","500","Bento Cakes","instock","","egg, eggless","dad tic tac toe bento cake, father's day bento cake, dad bento cake, fathers day cake chennai, cake for dad, customized fathers day cake, best dad cake, korean bento cake chennai, fathers day surprise cake, mini cake for dad, cute fathers day cake, personalized cake for father, fathers day gift cake, same day cake delivery chennai, cake square fathers day cakes, aesthetic bento cake, happy fathers day cake, dad birthday cake, customised cake chennai, premium fathers day cake.","https://cakesquare.com/product/dad-tic-tac-toe-bento-cake/","https://cakesquare.com/wp-content/uploads/2026/06/Puzzle-cake-for-Dad.png","Tic-tac-toe cake with hearts for Father's Day in Chennai. dad tic tac toe cake, father's day bento cake, dad bento cake, fathers day cake chennai, cake for dad, customized fathers day cake, best dad cake, korean bento cake chennai, fathers day surprise cake, mini cake for dad, cute fathers day cake, personalized cake for father, fathers day gift cake, same day cake delivery chennai, cake square fathers day cakes, aesthetic bento cake, happy fathers day cake, dad birthday cake, customised cake chennai, premium fathers day cake, Dad tic tac toe bento cake","10","[{""variation_id"":321732,""sku"":""BNTO41"",""price"":700,""weight"":"""",""cake_type"":""egg"",""is_in_stock"":true,""image_url"":""https://cakesquare.com/wp-content/uploads/2026/06/Puzzle-cake-for-Dad.png""},{""variation_id"":321733,""sku"":""BNTO41"",""price"":750,""weight"":"""",""cake_type"":""eggless"",""is_in_stock"":true,""image_url"":""https://cakesquare.com/wp-content/uploads/2026/06/Puzzle-cake-for-Dad.png""},{""variation_id"":321734,""sku"":""BNTO41"",""price"":500,""weight"":"""",""cake_type"":""egg"",""is_in_stock"":true,""image_url"":""https://cakesquare.com/wp-content/uploads/2026/06/Puzzle-cake-for-Dad.png""},{""variation_id"":321735,""sku"":""BNTO41"",""price"":550,""weight"":"""",""cake_type"":""eggless"",""is_in_stock"":true,""image_url"":""https://cakesquare.com/wp-content/uploads/2026/06/Puzzle-cake-for-Dad.png""},{""variation_id"":321736,""sku"":""BNTO41"",""price"":500,""weight"":"""",""cake_type"":""egg"",""is_in_stock"":true,""image_url"":""https://cakesquare.com/wp-content/uploads/2026/06/Puzzle-cake-for-Dad.png""},{""variation_id"":321737,""sku"":""BNTO41"",""price"":550,""weight"":"""",""cake_type"":""eggless"",""is_in_stock"":true,""image_url"":""https://cakesquare.com/wp-content/uploads/2026/06/Puzzle-cake-for-Dad.png""},{""variation_id"":321738,""sku"":""BNTO41"",""price"":500,""weight"":"""",""cake_type"":""egg"",""is_in_stock"":true,""image_url"":""https://cakesquare.com/wp-content/uploads/2026/06/Puzzle-cake-for-Dad.png""},{""variation_id"":321739,""sku"":""BNTO41"",""price"":550,""weight"":"""",""cake_type"":""eggless"",""is_in_stock"":true,""image_url"":""https://cakesquare.com/wp-content/uploads/2026/06/Puzzle-cake-for-Dad.png""},{""variation_id"":321740,""sku"":""BNTO41"",""price"":600,""weight"":"""",""cake_type"":""egg"",""is_in_stock"":true,""image_url"":""https://cakesquare.com/wp-content/uploads/2026/06/Puzzle-cake-for-Dad.png""},{""variation_id"":321741,""sku"":""BNTO41"",""price"":650,""weight"":"""",""cake_type"":""eggless"",""is_in_stock"":true,""image_url"":""https://cakesquare.com/wp-content/uploads/2026/06/Puzzle-cake-for-Dad.png""}]"
"321743","BNTO42","Best dad on Earth Bento cake","500","Bento Cakes","instock","","egg, eggless","best dad on earth bento cake, best dad cake, father's day bento cake, fathers day cake chennai, cake for dad, personalized fathers day cake, dad birthday cake, customized cake for father, best dad ever cake, korean bento cake chennai, mini cake for dad, fathers day gift cake, happy fathers day cake, aesthetic bento cake, same day cake delivery chennai, cake square fathers day cakes, premium fathers day cake, cute cake for dad, fathers day surprise cake, best bento cakes in chennai, cake square chennai","https://cakesquare.com/product/best-dad-on-earth-bento-cake/","https://cakesquare.com/wp-content/uploads/2026/06/To-the-best-dad-on-the-earth.png","Green cake with 'To the best dad on Earth' message in white icing, Chennai. best dad on earth bento cake, best dad cake, father's day bento cake, fathers day cake chennai, cake for dad, personalized fathers day cake, dad birthday cake, customized cake for father, best dad ever cake, korean bento cake chennai, mini cake for dad, fathers day gift cake, happy fathers day cake, aesthetic bento cake, same day cake delivery chennai, cake square fathers day cakes, premium fathers day cake, cute cake for dad, fathers day surprise cake, best bento cakes in chennai.","10","[{""variation_id"":321744,""sku"":""BNTO42"",""price"":700,""weight"":"""",""cake_type"":""egg"",""is_in_stock"":true,""image_url"":""https://cakesquare.com/wp-content/uploads/2026/06/To-the-best-dad-on-the-earth.png""},{""variation_id"":321745,""sku"":""BNTO42"",""price"":750,""weight"":"""",""cake_type"":""eggless"",""is_in_stock"":true,""image_url"":""https://cakesquare.com/wp-content/uploads/2026/06/To-the-best-dad-on-the-earth.png""},{""variation_id"":321746,""sku"":""BNTO42"",""price"":500,""weight"":"""",""cake_type"":""egg"",""is_in_stock"":true,""image_url"":""https://cakesquare.com/wp-content/uploads/2026/06/To-the-best-dad-on-the-earth.png""},{""variation_id"":321747,""sku"":""BNTO42"",""price"":550,""weight"":"""",""cake_type"":""eggless"",""is_in_stock"":true,""image_url"":""https://cakesquare.com/wp-content/uploads/2026/06/To-the-best-dad-on-the-earth.png""},{""variation_id"":321748,""sku"":""BNTO42"",""price"":500,""weight"":"""",""cake_type"":""egg"",""is_in_stock"":true,""image_url"":""https://cakesquare.com/wp-content/uploads/2026/06/To-the-best-dad-on-the-earth.png""},{""variation_id"":321749,""sku"":""BNTO42"",""price"":550,""weight"":"""",""cake_type"":""eggless"",""is_in_stock"":true,""image_url"":""https://cakesquare.com/wp-content/uploads/2026/06/To-the-best-dad-on-the-earth.png""},{""variation_id"":321750,""sku"":""BNTO42"",""price"":500,""weight"":"""",""cake_type"":""egg"",""is_in_stock"":true,""image_url"":""https://cakesquare.com/wp-content/uploads/2026/06/To-the-best-dad-on-the-earth.png""},{""variation_id"":321751,""sku"":""BNTO42"",""price"":550,""weight"":"""",""cake_type"":""eggless"",""is_in_stock"":true,""image_url"":""https://cakesquare.com/wp-content/uploads/2026/06/To-the-best-dad-on-the-earth.png""},{""variation_id"":321752,""sku"":""BNTO42"",""price"":600,""weight"":"""",""cake_type"":""egg"",""is_in_stock"":true,""image_url"":""https://cakesquare.com/wp-content/uploads/2026/06/To-the-best-dad-on-the-earth.png""},{""variation_id"":321753,""sku"":""BNTO42"",""price"":650,""weight"":"""",""cake_type"":""eggless"",""is_in_stock"":true,""image_url"":""https://cakesquare.com/wp-content/uploads/2026/06/To-the-best-dad-on-the-earth.png""}]"
"304995","BNT004","Black current bento Mothers day cake","480","Bento Cakes","instock","500gms","egg, eggless","Celebrate Black Current Bento Cake for Mothers Day, a juicy and tangy delight she’ll absolutely love in chennai!","https://cakesquare.com/product/black-current-bento-cake-mothers-day-cake/","https://cakesquare.com/wp-content/uploads/2025/04/Black-Current-Bento-Mothers-day-cake.jpg","Black Current Bento Mothers day cake, Cake square","2","[{""variation_id"":304996,""sku"":""BNT004"",""price"":480,""weight"":""500gms"",""cake_type"":""egg"",""is_in_stock"":true,""image_url"":""https://cakesquare.com/wp-content/uploads/2025/04/Black-Current-Bento-Mothers-day-cake.jpg""},{""variation_id"":304997,""sku"":""BNT004"",""price"":555,""weight"":""500gms"",""cake_type"":""eggless"",""is_in_stock"":true,""image_url"":""https://cakesquare.com/wp-content/uploads/2025/04/Black-Current-Bento-Mothers-day-cake.jpg""}]"
"306028","BNT014","Super Dad Fathers day bento cakes","580","Bento Cakes","instock","","egg, eggless","Celebrate the world’s Best Dad with our delicious bento cake, cute, flavorful, and made to make him smile. Only at Cake Square!","https://cakesquare.com/product/butterscotch-cake-dad-super-dad/","https://cakesquare.com/wp-content/uploads/2025/06/Super-Dad-Fathers-day-bento-cakes.jpg","Super Dad design Butterscotch bento cake in Blue - 380 grams - Delivered in Chennai","2","[{""variation_id"":306029,""sku"":""BNT014"",""price"":580,""weight"":"""",""cake_type"":""egg"",""is_in_stock"":true,""image_url"":""https://cakesquare.com/wp-content/uploads/2025/06/Super-Dad-Fathers-day-bento-cakes.jpg""},{""variation_id"":306030,""sku"":""BNT014"",""price"":630,""weight"":"""",""cake_type"":""eggless"",""is_in_stock"":true,""image_url"":""https://cakesquare.com/wp-content/uploads/2025/06/Super-Dad-Fathers-day-bento-cakes.jpg""}]"
"306031","BNT016","Chocolate Cake for the Best Dad","590","Bento Cakes","instock","","egg, eggless","Celebrate the world’s Best Dad with our delicious bento cake, cute, flavorful, and made to make him smile. Only at Cake Square!","https://cakesquare.com/product/chocolate-cake-dad-best-dad/","https://cakesquare.com/wp-content/uploads/2025/06/Best-Dad-Chocolate-Cake-for-Fathers-Day.jpg","Best Dad design Chocolate bento cake in Chocolate Brown with Gold - 380 grams - Delivered in Chennai","2","[{""variation_id"":306032,""sku"":""BNT016"",""price"":590,""weight"":"""",""cake_type"":""egg"",""is_in_stock"":true,""image_url"":""https://cakesquare.com/wp-content/uploads/2025/06/Best-Dad-Chocolate-Cake-for-Fathers-Day.jpg""},{""variation_id"":306033,""sku"":""BNT016"",""price"":640,""weight"":"""",""cake_type"":""eggless"",""is_in_stock"":true,""image_url"":""https://cakesquare.com/wp-content/uploads/2025/06/Best-Dad-Chocolate-Cake-for-Fathers-Day.jpg""}]"
"306025","BNT013","I love dad fathers day cake","650","Bento Cakes","instock","","egg, eggless","Celebrate the world’s Best Dad with our delicious bento cake, cute, flavorful, and made to make him smile. Only at Cake Square!","https://cakesquare.com/product/white-forest-cake-dad-i-love-dad/","https://cakesquare.com/wp-content/uploads/2025/06/I-love-dad-fathers-day-cake.jpg","White Forest Dad Cake, I ❤️ Dad Theme for Father’s Day & Birthday","2","[{""variation_id"":306026,""sku"":""BNT013"",""price"":650,""weight"":"""",""cake_type"":""egg"",""is_in_stock"":true,""image_url"":""https://cakesquare.com/wp-content/uploads/2025/06/I-love-dad-fathers-day-cake.jpg""},{""variation_id"":306027,""sku"":""BNT013"",""price"":700,""weight"":"""",""cake_type"":""eggless"",""is_in_stock"":true,""image_url"":""https://cakesquare.com/wp-content/uploads/2025/06/I-love-dad-fathers-day-cake.jpg""}]"
"321754","BNTO43","Sliding Bento cake For Dad","788","Bento Cakes","instock","","egg, eggless","sliding bento cake for dad, fathers day sliding cake, surprise cake for dad, interactive bento cake, father's day bento cake, cake for dad, hidden message cake, personalized fathers day cake, dad birthday cake, korean bento cake chennai, customized cake for father, fathers day gift cake, mini cake for dad, same day cake delivery chennai, premium fathers day cake, cake square fathers day cakes, cute fathers day cake, best dad cake, fathers day surprise cake, best bento cakes in chennai, cake square, hidden message bento cake","https://cakesquare.com/product/sliding-bento-cake-for-dad/","https://cakesquare.com/wp-content/uploads/2026/06/Untitled-design-2.png","sliding theme Bento cake with characters, Chennai celebration.sliding bento cake for dad, fathers day sliding cake, surprise cake for dad, interactive bento cake, father's day bento cake, cake for dad, hidden message cake, personalized fathers day cake, dad birthday cake, korean bento cake chennai, customized cake for father, fathers day gift cake, mini cake for dad, same day cake delivery chennai, premium fathers day cake, cake square fathers day cakes, cute fathers day cake, best dad cake, fathers day surprise cake, best bento cakes in chennai, cake square, hidden message bento cake","10","[{""variation_id"":321755,""sku"":""BNTO43"",""price"":946,""weight"":"""",""cake_type"":""egg"",""is_in_stock"":true,""image_url"":""https://cakesquare.com/wp-content/uploads/2026/06/Untitled-design-2.png""},{""variation_id"":321756,""sku"":""BNTO43"",""price"":960,""weight"":"""",""cake_type"":""eggless"",""is_in_stock"":true,""image_url"":""https://cakesquare.com/wp-content/uploads/2026/06/Untitled-design-2.png""},{""variation_id"":321757,""sku"":""BNTO43"",""price"":788,""weight"":"""",""cake_type"":""egg"",""is_in_stock"":true,""image_url"":""https://cakesquare.com/wp-content/uploads/2026/06/Untitled-design-2.png""},{""variation_id"":321758,""sku"":""BNTO43"",""price"":813,""weight"":"""",""cake_type"":""eggless"",""is_in_stock"":true,""image_url"":""https://cakesquare.com/wp-content/uploads/2026/06/Untitled-design-2.png""},{""variation_id"":321759,""sku"":""BNTO43"",""price"":788,""weight"":"""",""cake_type"":""egg"",""is_in_stock"":true,""image_url"":""https://cakesquare.com/wp-content/uploads/2026/06/Untitled-design-2.png""},{""variation_id"":321760,""sku"":""BNTO43"",""price"":813,""weight"":"""",""cake_type"":""eggless"",""is_in_stock"":true,""image_url"":""https://cakesquare.com/wp-content/uploads/2026/06/Untitled-design-2.png""},{""variation_id"":321761,""sku"":""BNTO43"",""price"":788,""weight"":"""",""cake_type"":""egg"",""is_in_stock"":true,""image_url"":""https://cakesquare.com/wp-content/uploads/2026/06/Untitled-design-2.png""},{""variation_id"":321762,""sku"":""BNTO43"",""price"":813,""weight"":"""",""cake_type"":""eggless"",""is_in_stock"":true,""image_url"":""https://cakesquare.com/wp-content/uploads/2026/06/Untitled-design-2.png""},{""variation_id"":321763,""sku"":""BNTO43"",""price"":840,""weight"":"""",""cake_type"":""egg"",""is_in_stock"":true,""image_url"":""https://cakesquare.com/wp-content/uploads/2026/06/Untitled-design-2.png""},{""variation_id"":321764,""sku"":""BNTO43"",""price"":867,""weight"":"""",""cake_type"":""eggless"",""is_in_stock"":true,""image_url"":""https://cakesquare.com/wp-content/uploads/2026/06/Untitled-design-2.png""}]"